hospital_name,med_center_type,city,region,address,contact_number
"3 Star Medical Clinic And Diagnostic Center, Inc.",Clinic,Quezon City,NCR,"U 103-104 & Mc-4,Victoria Station I,Brgy. South Triangle, Gma Edsa Kamuning",7900-0861 / 7900-0869 0998-5322521
A Plus Healthcare Medical & Diagnostic Corporation,Clinic,Caloocan City,NCR,"2/F 316 Bldg. Edsa Monumento , Brgy 86 Zone 8  Kaloocan City, Manila",(02) 277 3673
A. Zarate General Hospital,Hospital,Las Pinas City,NCR,"Atlas Cpd., Naga Rd., Las Piñas City",02-8 8746903
Abesamis Vision Care Center-Makati,Clinic,Makati,NCR,"Rm. 905 Medical Plaza Bldg. Cor. Amorsolo, Makati",(02)8133482 6392-2831521
Acebedo General Hospital,Hospital,Caloocan City,NCR,849 Gen. Luis St. Bagbaguin,09465735811/(02)88064298
Activelife Chicago Physical Therapy Services-Mandaluyong,Clinic,Mandaluyong City,NCR,1001 10F Cityland Shaw Tower Cor St. Francis Brgy. Wack Wack,(02) 7621 7418 or 6397-7292221
Activelife Chicago Physical Therapy Services-Quezon Ave.,Clinic,Quezon City,NCR,"1472-1476 Pacific Century Tower, Unit 419 Quezon Ave. Near Crossing Mall/Nationa",(02) 7587 61 16 6397-7290065
Advanced Lab Solutions & Hi-Precision Diagnostics,Clinic,Makati,NCR,"9F Centuria Medical Makati, Kalayaan Ave. Cor. Salamanca, Poblacion",09431351862/ 09178621152
"Adventist Medical Center And College Manila, Inc.",Hospital,Pasay City,NCR,1975 Donada St. Pasay,02-8525-9191
Agile Physio Recovery Physical Therapy-Cubao,Clinic,Quezon City,NCR,"Unit 3C St. Martin Building, 17 West Point Street, Cubao",0965 996 3354
Agile Physio Recovery Physical Therapy-Taft,Specialty Center,Manila,NCR,Rm 408 Dona Felisa Syjuco Bldg. Taft Ave. Cor Remedios St. Malate,0999-8885502
Alabang Medical Center,Hospital,Muntinlupa City,NCR,"Alabang-Zapote Rd.,",(02)8508498/8508719
Alabang Medical Clinic-Almanza,Clinic,Las Pinas City,NCR,"2/F Susana Arcade 476 Real St.,",(02)8014535/8003840 6392-2842009
Alabang Medical Clinic-Montillano,Hospital,Muntinlupa City,NCR,"297 Montillano St., Alabang",0288420680 6392-2842009
Alabang Medical Clinic-Muntinlupa,Hospital,Muntinlupa City,NCR,"1 Natl Rd., Putatan Muntinlupa City",(02)8611135/8611779 9338-298917_
Alabang Medical Clinic-Talon,Hospital,Las Pinas City,NCR,"Alabang Zapote Rd., Cor Mendoza St., Pelayo Vill Talon, Las Pinas City",(02)8736464/8742506 6392-2842009
Alfonso Clinic-Malinao,Clinic,Pasig City,NCR,"157 Justice Ramon Jabron, Bgy. Malinaw",(02)6416221/5715274
Alfonso Clinic-Mercedes,Clinic,Pasig City,NCR,"248 Mercedes Ave. Cor M. Suarez St., Bgy. San Manuel",(02)6403679
Allied Care Experts Medical Center-Quezon City,Hospital,Quezon City,NCR,"20 Seminary Road, Bahay Toro, Project 8",(02)2833990/ 0282817764 0933-8657599
Allied Care Experts Medical Center-Valenzuela,Hospital,Valenzuela City,NCR,"544 Mc Arthur Highway, Malanday, Valenzuela",(02) 3660000/8366 0000 loc 618
"Allied Care Medical Experts (Ace) Medical Center-Pateros, Inc.",Hospital,Pateros,NCR,"884 P. Herrera St. Aguho, Pateros",02-8706-9395 to 8706-9400 0929-4812463
Alrafa Cardiovascular Diagnostic Center,Clinic,Caloocan City,NCR,"2Nd Floor, R Square Bldg. William Shaw St. Corner Urbano Plata St. Brgy 87",
American Bio Clinical Laboratory International,Clinic,Muntinlupa City,NCR,"Lg 5 Richville Corporate Tower Madrigal Business Park Ayala  Alabang, Muntinlupa",(02) 8850 6288
American Eye Center,Clinic,Mandaluyong City,NCR,"Level 4, The Podium, 12 Adb Ave., Ortigas Center, Mandaluyong City, 1550 Metro M",8633-0398
American Hearing Center Corporation-Alabang,Clinic,Muntinlupa City,NCR,"2301 Civic Place Condominium, Civic Drive,",(02)-5111862/542-1742
American Hearing Center Corporation-Mcu,Clinic,Caloocan City,NCR,2F Main Hospital Bldg. Edsa,367-2031 LOC 1234
American Hearing Center Corporation-Metroplitan,Clinic,Sta. Cruz,NCR,"5F Ent Ctr,Metropolitan Med. Ctr, Masangkay St.",02-254-1111 LOC 5062/5065
American Hearing Center Corporation-Pcmc,Clinic,Quezon City,NCR,"Neuro Dx Ctr. Pcmc, Quezon Ave.,Agham Road,",(02)434-8795/ (02)924-6601
American Hearing Center Corporation-Qc,Clinic,Quezon City,NCR,U302-303 Jade Bldg. #71 Aurora Blvd.,(02)-715-8366
American Hearing Center Corporation-The Podium,Clinic,Mandaluyong City,NCR,"4Th Flr The Podium Mall,Adb Ave. Ortigas Center",(02)-633-2678
American Hearing Center Corporation-World Citi,Clinic,Quezon City,NCR,2F Ent Center 960 Aurora Blvd,(02)-985-7363/(02)-5421753
Amg Physiotherapy Multi-Specialty Center And Pharmacy,Clinic,Quezon City,NCR,"1800 E. Rodriguez Sr. Ave. Immaculate Conception, Cubao",0917-1096372
Apollo-Lenus Medical & Diagnostic Laboratory,Clinic,Muntinlupa City,NCR,U 1 G Omni Arcade Bldg. 8005 Don Jesus Blvd Alabang Hills Village,807-9855 0917-315-7250
Applied Diagnostic Ultrasound,Clinic,Quezon City,NCR,"201 E. Rodriguez Sr., Blvd.,(Inside De Los Santos) Kalusugan, Quezon City",7230041
Ashrey Diagnostic Center,Clinic,Makati,NCR,"2F The Assembly Grounds At The Rise, Malugay,",(02) 2794 3855/
"Asia Renal Care (Philippines), Inc.-Alabang",Specialty Center,Muntinlupa City,NCR,"Space #0031B Lower Grd Lvl The Spa Bldg. Theatre Drive, Atc, Ayala Alabang",02-807-3449;772-5310
"Asia Renal Care (Philippines), Inc.-E.Rodriguez",Clinic,Quezon City,NCR,1054 E. Rodriguez Ave.,02-721-3869 9999-999999_
"Asia Renal Care (Philippines), Inc.-Makati",Clinic,Makati,NCR,2257 Don Chino Roces Ave,02-891-9575 TO 79
"Asia Renal Care (Philippines), Inc.-North Edsa",Clinic,Quezon City,NCR,1026 Hpi Bldg. North Edsa,02-929-6759 9999-999999_
"Asia Renal Care (Philippines), Inc.-Shaw",Specialty Center,Mandaluyong City,NCR,"G/F Littman Bldg., Jamie Cardinal Sin Cor. E De La Paz St. Brgy. Pleasant Hills",02-696-2659
Asian Eye Institute-Commercenter Alabang,Clinic,Muntinlupa City,NCR,"Unit 106 G/F, Commercenter Alabang Commerce Ave. Cor. Filinvest Ave.",02) 403-9013 0917-6282807
Asian Eye Institute-Mall Of Asia,Clinic,Pasay City,NCR,"2/F Main Building, Wellness Zone, Moa Pasay",02) 556-4996 TO 97 0908-8946185
Asian Eye Institute-Rockwell,Clinic,Makati,NCR,9/F Phinma Plaza Makati City,(02)8982020 6391-8898202
Asian Eye Institute-Trinoma,Clinic,Quezon City,NCR,"Level 1, Garden Restaurants, Edsa Cor. North Ave., Quezon City",(02) 901-3931 TO 32 0917-8972020
"Asian Gynecology And Oncology Group, Inc.",Clinic,Muntinlupa City,NCR,Simply Women Ctr 4Th Floor Tower 2 Asian Hospital And Med Ctr,9999999999
Asian Hospital And Medical Center,Hospital,Muntinlupa City,NCR,"2205 Civic Drive Filinvest Corporate City, Alabang",02-88771-9000
Aventus Medical Care Inc.-Alabang,Clinic,Muntinlupa City,NCR,2Nd Flr Sycamore Arcs 1 Bldg.Buencamino St.Madrigal Bus. Park Alabang Zapote Rd,(02)8556 - 3598 /8556 - 3594
Aventus Medical Care Inc.-Bgc,Clinic,Taguig City,NCR,"Ground Floor Unit 1 Citibank Plaza, 34Th St. Corner Lane D",(02) 8352-8335 (02) 8362-0042
Aventus Medical Care Inc.-Eastwood,Clinic,Quezon City,NCR,"6F, U2A Eastwood Cyber One Bldg. Cyberpark,188 E. Rodriguez Ave. Brgy. Bagumbay",02-8775-6132
Aventus Medical Care Inc.-Makati,Clinic,Makati,NCR,"6/F Filomena Bldg., 104 Amorsolo St., Legaspi Village",519-6787 0966-5268061
Aventus Medical Care Inc.-Makati Citygate,Clinic,Makati,NCR,"Unit 61-62, 3/F Ayala North Exchange, Ayala Center, San Lorenzo",(02) 8425-1607 (02) 8425-1624
Aventus Medical Care Inc.-Manila,Clinic,Ermita,NCR,5Th Flr Times Plaza Bldg. Un Ave Cor Taft Ave Brgy 666 Zone 072,"353-6807, 518-0056"
Aventus Medical Care Inc.-North Edsa,Clinic,Quezon City,NCR,2/F Philippine College Of Surgeons Bldg.(Pcs) Beside Sm Annex Edsa,352-4677/352-4676
Aventus Medical Care Inc.-One Ayala,Clinic,Makati,NCR,"Lower Ground Floor, One Ayala, Ayala Center, San Lorenzo",(02) 8425-7005
Aventus Medical Care Inc.-Ortigas,Clinic,Pasig City,NCR,"Units 15, 16 & 18-20 G/F Aic Grande Tower Sapphire Cor Garnet St. Ortigas Ctr",584-2430/ 570-9967 / 584-1013 /
Aventus Medical Care Inc.-Pasay,Clinic,Pasay City,NCR,Gf Scape Bldg. Macapagal Ave.Cor Pearl Dr Central Bus.Park 1 San Rafael Brgy.76,838-0627 / 839-0298 / 541-5645
"Aventus Medical Care, Inc.-Cubao",Clinic,Quezon City,NCR,"Araneta City, Manhattan Parkview, G/F, General Romulo Ave, Cubao, Quezon City",(02) 8245 0976
"Aventus Medical Care, Inc.-Mandaluyong",Clinic,Mandaluyong City,NCR,Lower 2Nd Flr. St. Francis Sq. Dona Julia Vargas Ave. Cor. Bank Dr. Ortigas Ctr,02-85426578
"Aventus Medical Care, Inc.-Paranaque",Clinic,Parañaque,NCR,U 9 Gf Aseana One Bldg. Bradco Ave. Aseana City,02-82453611
Banawe Diagnostic Mri Center,Clinic,Quezon City,NCR,"426 Jovita Bldg.,Tirad Pass Cor Banawe,Quezon City",(02)4110542/7405024
Bdm Imaging Center Inc.-Caloocan,Clinic,Caloocan City,NCR,"Unit 16 No.242 C3 Road Cor A.Mabini St. Sampalukan,Caloocan City",(02)2883492/2853214/3942512
Bdm Imaging Center Inc.-Mandaluyong,Clinic,Mandaluyong City,NCR,"Unit 1-A Miralen Bldg. Ligaya St. Brgy Plainview Boni Ave, Mandaluyong",(02)5345113/6563473
Bdm Imaging Center Inc.-Parañaque,Clinic,Parañaque,NCR,"Unit 101 No.153 Executive Suite Bldg. Doña Soledad Ave., Better Living, Parañaqu",(02)8369548
Bdm Imaging Center Inc.-Pasig,Clinic,Pasig City,NCR,"Unit 16,G/F P&J Bldg., Pasig Blvd Extn Cor E. Rodriguez Jr.,Bagongilog, Pasig Ci",(02)6722138/6722139
Bdm Imaging Center Inc.-Pateros,Clinic,Pateros,NCR,"32-D Almeda St. Brgy.Martires Del 96 Pateros, Manila",(02)6282955
Bdm Imaging Center Inc.-San Juan,Clinic,San Juan,NCR,"154 Unit 4 G/F,East Blumentritt Cor R.Pascual San Juan City",(02)6543031
Bdm Imaging Center Inc.-Sta. Teresita General Hospital,Clinic,Quezon City,NCR,"100 D. Tuazon Cor N.Roxas,Quezon City",(02)7815622/4102011
Bdm Imaging Center-Novaliches General Hospital,Clinic,Quezon City,NCR,"793 Quirino Hi-Way, Gulod Novaliches, Quezon City",(02)4191076
Beato-Cauilan Hospital,Hospital,Muntinlupa City,NCR,Villa Carolina 1 Tunasan Muntinlupa City,(02)8615284/8615285
Bernardino General Hospital 2 (Zabarte),Hospital,Quezon City,NCR,"North Olympus, Zabarte Rd.",(02)9355262
Bernardino General Hospital Corporation,Hospital,Quezon City,NCR,"Quirino Highway, San Bartolome",02-8 9355264
Best Diagnostic Corporation-Main Office,Clinic,Quezon City,NCR,94 Masikap Ext. Diliman,(02)9201023/9202963/9276783 639175428903
Best Diagnostic Corporation-Pasay,Clinic,Pasay City,NCR,Manlunas St. Cor P3-08 St. Villamor Airbase,(02)8758757 639228438830
"Biomedics Medical Clinic, Inc.",Clinic,Quezon City,NCR,Unit Ghi Body Senses Level 3 West Wing Robinsons Galleria Edsa Cor Ortigas Ave.,(02)9097275/6237538
Borough Medical Clinic-Pasay,Clinic,Pasay City,NCR,"2F, Units 2196-2198 Sm Mall Of Asia Central Business Park Bay City, Pasay",(02)5560557-60 0916-9209292
Buela Physical Therapy Clinic,Clinic,Muntinlupa City,NCR,"Unit 2504 Entrata Urban Complex, 2609 Civic Drive Filinvest City, Alabang",(02) 86932428 0956-3864660
"C Family Care Clinic, Inc.-Lagro",Clinic,Quezon City,NCR,"Km 22 Quirino Hi-Way, Brgy. Pasong Putik Novaliches, Quezon City",(02)4182685/4611454 0922-5412738
Camarin Doctors Hospital,Hospital,Caloocan City,NCR,#1 Camarin Rd. Brgy. 172 Camarin,0916-3634423
"Capitol Medical Center, Inc.",Hospital,Quezon City,NCR,"Scout Magbanua St., Cor.Panay Ave. Qc",02-83723825 6391-7583209
Cardia Olympia Medical And Trading Corp.,Clinic,Mandaluyong City,NCR,G/F Sparta Bldg 126 Pioneer St Brgy Highway Hills,(02) 7 975 0671 0932-7388758
"Cardinal Mri Center, Inc.",Clinic,San Juan,NCR,"Cardinal Santos Medical Ctr. Cpd., Wilson St. San Juan",(02)7210001 LOC 4004
Cardinal Santos Medical Center,Hospital,San Juan,NCR,"Wilson St Greenhills, San Juan",(02)87270001-25 0929-1850222
Casa Medica Inc.,Clinic,Las Pinas City,NCR,"Lower G/F East Side Sm Southmall, Alabang",(02)80678-31/51/62/72 0918-9643599
Centralle Medical Diagnostic And Polyclinic-Camarin,Clinic,Caloocan City,NCR,"Unit 5-7 Rdf Building,Old Zabarte Road, Camarin ,Novaliches, Kalookan City",(02)961-3717/961-3987/961-6834
Centralle Medical Diagnostic And Polyclinic-Kalookan,Clinic,Caloocan City,NCR,"G/F First Amiji Mansion 6Th Ave., Cor M.H Del Pilar St",02-8334-1233 0922-8943817
Centralle Medical Diagnostic And Polyclinic-Pasay,Clinic,Pasay City,NCR,"4Th Floor, Wellcome Plaza Taft Ave",(02)8770085/  8770436
Centralle Medical Diagnostic And Polyclinic-Valenzuela,Clinic,Valenzuela City,NCR,"119 Paso De Blas Rd., Brgy. Paso De Blas",(02) 236-0865 / 624-3171
Chinese General Hospital & Medical Center,Hospital,Sta. Cruz,NCR,"Blumentritt St., Sta.Cruz, Manila",(02)7114141 TO 51
"Christ The King General  Hospital,Inc.",Hospital,Las Pinas City,NCR,130 Real St. Pamplona Uno Las Pinas City,02-88724279 6391-7628412
Christian E.  Cangco Medical Clinic & Laboratory,Clinic,Makati,NCR,"G/F Calcan Bldg., 1195 Don Chino Roces Ave., Yakal San  Antonio Vill. Makati",(02)2397434/40
"Christian Medical Clinic, Inc",Clinic,Quezon City,NCR,"22 B Madison St. New Manila,",029015090 0925-6725969
Cl Corrective Care Physical Therapy Clinic,Clinic,Ermita,NCR,Unit 403 And 405  West East Center Taft Ave.,02-8296568 0922-9245311
Cl Corrective Care Physical Therapy Clinic-Marikina,Clinic,Marikina City,NCR,Commercial Unit 15 Marquinton Residences-Alicante Tower Toyota Ave.Brgy.Sto.O,9176243662 0922-9245311
"Clearbridge Medical Philippines, Inc.",Clinic,Quezon City,NCR,33 V. Luna Ave. Brgy Pinyahan,(02)8289566
Clinica De La Luz,Clinic,"Sampaloc, Manila",NCR,"3542 Lubiran St., Bacood Sta. Mesa, Manila",(02)7167465/7132889
Clinica Manila,Clinic,Mandaluyong City,NCR,"2/F Unit 202 Bldg.A Sm Megamall Complex Doña Julia Vargas Ave.,Mandaluyong",(02)6353877-80/6617777/6619690
Clinica Manila-Pasig,Clinic,Pasig City,NCR,"158-159 Sm Supercenter, Frontera Verde C5, Pasig City",(02)6967055-7
Colorectal Surgery Center,Clinic,Quezon City,NCR,"Po226 2/F Podium Bldg, The Medical City",(02) 6356789/9887000 LOC 7789
"Commcare, Inc.-Better Living",Clinic,Parañaque,NCR,Doña Soledad Ave Parañaque,776-3319/776-3329 8828-6046___
"Commcare, Inc.-Merville",Clinic,Parañaque,NCR,45 Montclair St. Merville Park Subd Parañaque City,(02)82860467
"Commcare, Inc.-Taguig",Clinic,Taguig,NCR,Blk 10 Lot 11 Phase 2 Pinagsama Taguig City,(02)541-0067
Commonwealth Hospital And Medical Center,Hospital,Quezon City,NCR,"Lot 3&4 Neopolitan Business Park, Regalado Hi-Way Bgy. Greater Lagro, Novaliches",(02)930-0000/9300009
"Computerized Imaging Institute, Inc.",Clinic,Makati,NCR,Makati Medical Center-      G/F Tower 1 2 Amorsolo St.,(02)8888999 LOC. 2036/2037/8195375
Corexpert Physical Therapy Center - Better Living,Specialty Center,Parañaque,NCR,"# 48 Russia Street Corner Romania Street Better Living Subdivision, Don Bosco Pa",
Corexpert Physical Therapy Center-Parañaque,Clinic,Parañaque,NCR,332 El Grande Ave Bf Homes,02-87712792 0915-6890809
Corexpert Physical Therapy Center-Qc,Clinic,Quezon City,NCR,Gyy Bldg 1237 E Rod. Sr. Cor. Tomas Morato Brgy. Kristong Hari,0277290589 0955-8835309
"Corporate Medical Check-Up Specialist, Inc.",Clinic,Pasig City,NCR,"2/F Rosario Ortigas Arcade, 42 Ortigas Ave., Extn Rosario, Pasig City",(02)900888 LOC. 19
Cruz-Rabe Maternity & General Hospital,Hospital,Taguig,NCR,57 Gen Luna St. Tuktukan Taguig,(02)6423433/6422796
Cure And Care Maternity Hospital,Hospital,Tondo,NCR,1068 Hermosa St Tondo,09434061856/09560540326
Cvmc Clinics And Surgicenter Inc.,Clinic,Manila,NCR,"3434 R Magsaysay, Sta. Mesa",(02) 53106822 0906-5907592
D Family Care Novaliches Inc.,Clinic,Quezon City,NCR,"216 General Luis St., Nova Proper Novaliches, Quezon City",(02)4186884 6392-9782608
De Los Santos Medical Center,Hospital,Quezon City,NCR,"E. Rodriguez Sr. Blvd., Quezon City",02-8893-5762
De Ocampo Memorial Medical Center,Hospital,Manila,NCR,Cor Nagtahan & Sta. Mesa Blvd.,0287151891-94/ 02-87150967 9999-999999_
Delos Santos Med Ctr Diagnostic Imaging Cor,Clinic,Quezon City,NCR,"Delos Santos Med Ctr E. Rodriguez Sr. Blvd.,",(02)7230041 LOC 116
Diagnostic Ultrasound,Clinic,Quezon City,NCR,"Delos Santos Medical Center E.Rodriguezsr., Blvd",(02)7230041 LOC. 4
Diagnostica De San Vicente Corp.,Clinic,Quezon City,NCR,"284 Doña Anita Bldg., E. Rodriguez Sr. Ave. Quezon City",(02)7243980 6391-7828300
Diliman Doctors Hospital,Hospital,Quezon City,NCR,251 Commonwealth Ave. Matandang Balara,02-8 8836900
Divine Heart Medical Service And  Development Cooperative  Hospital,Hospital,Quezon City,NCR,"#215 General Luis St., Novaliches Q.C.",02- 8-937-4552/8-936-9113 NONE
Doctor Anywhere Philippines Inc.,Specialty Center,Makati,NCR,"5Th Floor, Equicom Center, 3308 Zapote Cor. Mascardo St., Brgy. Santa Cruz",
Doctor'S Ely Physical Therapy Clinic-Alabang,Clinic,Muntinlupa City,NCR,Unit 7 & 8 Gf Pbb Corporate Center Finance Street Madrigal Business Pa Alabang,02-7220719 0977-2921917
Dr. Jeanette A. Catapang Combate Ob Gyne Clinic And Lying In,Hospital,Pasig City,NCR,"318, Urbano Velasco Ave.,",(02) 85462726
Dr. Jesus C. Delgado Memorial Hospital,Hospital,Quezon City,NCR,"7 Kamuning Rd., Quezon City",02-8924.4051 to 64
E. Zarate Hospital,Hospital,Las Pinas City,NCR,"16 J. Aguilar Ave., Talon, Las Piñas City",(02)8711440/8746905 0288-711440_
"Eastern Doctors Medical Services, Inc.",Clinic,Manila,NCR,Suite G1 Bel Air Aparttment 1020 Roxas Blvd.,(02)5212708 LOC 3017
"Eastern Lithotripters, Inc.",Clinic,Marikina City,NCR,"C22 Alicante Bldg. Marquinton Condominium Toyota Ave. Cor. Sumulong Hi-Way , Sto",(02)3693944 6391-7857866
"Echocardiography Laboratory And Diagnostics Institute Of Asia, Inc.",Clinic,Quezon City,NCR,"3Rd Flr G-05 Fisher Mall- Uezon Ave,325 Quezon Ave Cor Roosevelt Ave",02-8290-1038
Edmed Multispecialty Clinic,Clinic,Quezon City,NCR,"Unit 3 2/F First Rvc Bldg. 92 Anonas Rd Cor K6 St. East Kamias, Quezon City",(02)4357947
El Roi Medical Clinic And Diagnostic Center Inc.,Clinic,Malate,NCR,Gr Fl Marlow Bldg. 2120 Guinto St. Malate,567-3033
Evergreen Medical And Diagnostic Center,Clinic,Pasay City,NCR,"J & S Bldg. 641 Edsa Malibay, Pasay City",(02)8441713 9999999999
"Exact Check Diagnostic Center, Inc - Bagumbayan",Clinic,Quezon City,NCR,"Webjet Acropolis, Unit 101 And Unit 102 88 E. Rodriguez Jr. Ave, Brgy Bagumbayan",
Exact Check Diagnostic Laboratory  Inc.,Clinic,Quezon City,NCR,"238 Banawe St., Unit 5 Cor Pagataan And Panalturan Quezon City",02-77565588 6391-7654140
Excelsior Laboratory And Diagnostic Center,Clinic,Quezon City,NCR,3F-F7 Bldg.809 Edsa Cor Scout Borromeo St. South Triangle,02-85347289 0917-7718447
"Express Medical Center, Co.",Clinic,Malabon City,NCR,114 Jamry Building Potrero,0977-3499285
"Fairview General Hospital, Inc.",Hospital,Quezon City,NCR,Lot 20 Cor Mercury St. Commonwealth Ave. Quezon City,(02)9399689/9398764
Family Care Diagnostic Medical Center-Makati,Clinic,Makati,NCR,1653 Belarmino St. Cor. Evangelista Brgy. Bangkal,02-845-0083
"Family Healthcare Hospital The Reine-Mere Medical Facilities, Inc.",Hospital,Pasig City,NCR,"2 Ruby St.,Dona Juana Subd.,",(02)6412922/6413360
"Far East Eye Center, Inc.",Clinic,Quezon City,NCR,Feu-Nrmf Medical Center,(02)4270213 LOC 1200 639273525649
Fatima Eye & Rehab Center,Clinic,Quezon City,NCR,"Lot 17 & 19  Blk 87 Regalado Avenue, Fairview Q.C.",(02)4178101-2
"Fatima University Medical Center, Corp.",Hospital,Valenzuela City,NCR,"120 Mcarthur Highway, Valenzuela City",02-8291-6538 0935-4832630
Fci Laboratory And Medical Services,Clinic,Quezon City,NCR,"2 E. Cortez Bldg. 958 E. Rodriguez Sr. Ave., Brgy. Mariana,",(02) 284700762
Fe Del Mundo Medical Center,Hospital,Quezon City,NCR,#11 Banawe St. Quezon City,02-8 712-08-45 (50)
Feu- Nrmf Medical Center,Hospital,Quezon City,NCR,Regalado Ave. West Fairview,(02)4270213/ 983-8338
Feu-Nrmf Medical Center-Diagnostic Imaging Center,Clinic,Quezon City,NCR,"Feu Hospital, Regalado Ave Fairview",(02)9838338/4270213 LOC. 1022
Fitness Physical Therapy Clinic - Qc,Clinic,Quezon City,NCR,"Unit 1, 2Nd Floor 135 Mayon Building 1114",
Fmc Renal Care Corp. (Makati),Clinic,Makati,NCR,"2257 Don Chino Roces Ave, Pasong Tamo Ext. Makati",(02) 8817-5791/ 0917-8209763
Fmc Renal Care Corp. (Marikina),Clinic,Marikina City,NCR,4Th Flr Marikina Healthy Center Shoe Ave. Marikina,0917-5933906
Fmc Renal Care Corp. (Nephrocare Fairview),Clinic,Quezon City,NCR,Gr. Flr. Annex 2 Sm Fairview Quezon City,(02) 8891-9575
Fmc Renal Care Corp. (Nephrocare North Edsa),Clinic,Quezon City,NCR,"1026 Hpi Building, North Edsa",926-1069
Fmc Renal Care Corp. (Olph),Clinic,Parañaque,NCR,"Our Lady Of Peace Hosp, Coastal Rd Brgy. San Dionisio",02) 8891-9575 0917-8029254
Fortmed Medical Clinics-Makati,Clinic,Makati,NCR,"3F Crown Center Bldg., 158 Jupiter St. Cor. N. Garcia St.",8897-9111 loc 200
"Foundation Of Our Lady Of Peace Mission, Inc. / Our Lady Of Peace Hospital",Hospital,Parañaque,NCR,San Dionisio,(02)8829-5775
Friendlycare Foundation Inc.-Shaw,Clinic,Mandaluyong City,NCR,No. 710,02-8635-2876
Friendlycare-Cubao,Clinic,Quezon City,NCR,"2F Metrolane Complex, P. Tuazon Cor. 20Th Ave., Cubao",02-421-1660/1678
Friendlycare-Lagro,Clinic,Quezon City,NCR,"Gf Bonanza Bldg., Quirino Hi-Way Greater Lagro",(02)9356919-20
Galileo Surgicenter,Clinic,Mandaluyong City,NCR,Galileo Surgicenter -G/F Belson House 271 Edsa,(02)77217135loc102 0927-2761714
Gammacare Medical Services Inc.,Specialty Center,Caloocan City,NCR,635 Binayuyo Cor Malanting St. Amparo Subd. Brgy. 179,02-89613664 0917-5603725
Garcia General Hospital,Hospital,Marikina City,NCR,"Bayan-Bayanan Ave.,Bugallon St. Concepcion, Marikina City",(02)9415511/9424705 0922-8512637
Global Health Diagnostic-Qc,Clinic,Quezon City,NCR,"132 Kalayaan Avenue, Barangay Central",02-788-7270: 0917-8468887
Global Health Diagnostics- Paranaque,Clinic,Parañaque,NCR,"3/F Lmb Bldg., 158 San Antonio Avenue",02-788-7270
Global Health Diagnostics- Pasay,Clinic,Pasay City,NCR,"2/F Alexandria Bldg., 107 Pasadena Street",02-788-7270:
Global Multi-Specialty Health & Wellness Clinic-Paco,Clinic,Paco,NCR,"1656 Angel Linao St. Paco, Manila",(02)9357288
Global Multi-Specialty Health And Wellness Clinic,Clinic,Mandaluyong City,NCR,"Fccg Mansion 11 Unit 106, 113 Aglipay St. Mandaluyong City",(02)5349208
Globalhealth Diagnostic Center Inc.,Clinic,San Juan,NCR,156 N. Domingo St,"7576-53-57, 8722-45-44 0945-8472411"
Gmvw Medical Clinic,Clinic,Valenzuela City,NCR,26 Maysan Road Malinta,02-88660822 0925-8287026
Gmwv Medical Clinic,Clinic,Valenzuela City,NCR,"26 Maysan Rd. Malinta, Valenzuela City",
Good Shepherd Diagnostic And Medical Center Corporation,Clinic,Malate,NCR,"2F Atlantis Beacon Tower 2315 Leon Guinto St Malate, Manila",275-7846/528-0341
"Good Shepherd Laboratory & Health Diagnostics Services, Inc.",Clinic,Marikina City,NCR,"Unit A G/F J&F Bldg #19 Bayan-Bayanan Ave. Concepcion 1, Marikina",(02)9410173/9487593 0917-568-80/0925-347
Gp Genesis Dialysis Clinic & Diagnostic Center,Clinic,Quezon City,NCR,"118 Malakas St., Brgy Central Quezon City",(02)4411409/2886342 639175214941
Headstart Pt Carelink Physiotherapy Services,Specialty Center,Caloocan City,NCR,"Unit 1B Caimito Place, 102 Caimito Road, Caloocan City",0926-0153600
Health Cube Medical Clinics-Promenade,Clinic,San Juan,NCR,B1 Promenade Greenhills Shopping Center (Back Of Music Museum),(02)5842895/5841734
Health Cube Medical Clinics-Shaw,Clinic,Mandaluyong City,NCR,240 Shaw Blvd Mandaluyong,(02) 652 1111
"Health Metrics, Inc",Clinic,Makati,NCR,"1157 Merryland Plaza, Don Chino Roces Ave. San Antonio",(02) 7795-1234
"Health Metrics, Inc -Moa",Clinic,Pasay City,NCR,4Th Flr. Prism Plaza Two Ecom Center Moa Complex Brgy 76,(02) 8805-8032
"Health Partners Dental Access, Inc.",Clinic,Quezon City,NCR,"206 Elysium Bldg. 168 D.Tuazon Corner Amoranto Street, Brgy. Maharlika",
"Health Quest Diagnostic Laboratory & Multi-Specialty Clinics, Inc.",Clinic,Quezon City,NCR,"11 A 7 B Tolentino St. Cor. Del Monte Ave., Brgy. Damayan, Quezon City",(02)7093588 6391-5948987
Health Screen Laboratory & Diagnostic Center,Clinic,Caloocan City,NCR,#3 Asuncion St. Morning Breeze Subd.,
Healthcore Diagnostics And Clinical Laboratory,Clinic,Parañaque,NCR,"128 2F Unit 2E , Doña Soledad Ave., Betterliving Subd. Brgy. Don Bosco, Parañaqu",(02)9450201 639177072669
Healthdev Integrative Clinics Inc.,Clinic,Quezon City,NCR,Loyola Hts.,(02) 8426 5999
Healthfirst Clinic-Alabang,Clinic,Muntinlupa City,NCR,Gf South Supermarket Filinvest Ave. Alabang,(02)6572200 LOC 6771 8211423 09175599792
Healthfirst Clinic-Cubao,Clinic,Quezon City,NCR,"3Rd Level The Spark Place, P. Tuazon St. Cor. 10Th Ave Araneta Center, Cubao",6.39778E+11
Healthfirst Clinic-Eastwood,Clinic,Quezon City,NCR,"Eastwood Cyber And Fashion Mall, Eastwood Ave., Bagumbayan 3, Quezon City",(02)6345714/7180829/6572200
Healthfirst Clinic-Makati,Clinic,Makati,NCR,"1F Unit B, Legazpi Towers 200, Paseo De Roxas, Legazpi Vill., San Lorenzo, Makat",(02)7292060
Healthfirst Clinic-Soho,Clinic,Mandaluyong City,NCR,"Unit Nos. L2-201 & L3 Soho Central, 748 Shaw Blvd. Greenfield District,Mandaluyo",(02)345714
Healthfirst Clinic-Williams,Clinic,Mandaluyong City,NCR,"5F, Williams Building, Williams Corner Mayflower Streets,Greenfield District",(02) 7957-8356 0917-5652368
Healthfirst-Bgc,Clinic,Taguig City,NCR,"Avida Towers 34Th St. Bgc, T Corner, 34Th St. And Lane 11Th Ave.",
Healthhub Clinic,Clinic,Makati,NCR,2F Chinabank Blg. Hercules St. Cor Makati Ave. Brgy. Bel Air,02-8860888 0927-3542532
Healthlab Inc.,Clinic,Makati,NCR,Suite 802 Medical Plaza Makati Amorsolo Cor Dela Rosa Sts. Legaspi Villag,867-1140/ 817-8606
Healthlock Medical Dental Diagnostic Services-Makati,Clinic,Makati,NCR,"Unit 2A, 2F Apex Mall #25 Jp Rizal Extension Comembo, Makati",(02)5079791 639266397967
Healthright Inc.,Clinic,Quezon City,NCR,U1-9 2Nd Flr Wilcon City Ctr 121 Visayas Ave. Bahay Toro,8-277-6962 and 8-277-6995
Healthview Mri Corporation,Clinic,"Sampaloc, Manila",NCR,"Chinese General Hospital Mri Dept 3/F Medical Suites Bdg, 286 Blumentritt",02-7423751/7423755 6391-7809346
Healthway - Cloverleaf,Clinic,Quezon City,NCR,"4Th Floor, Ayala Malls Cloverleaf, A. Bonifacio Ave., Brgy. Balingasa",(02)77206105
Healthway - Estancia,Clinic,Pasig City,NCR,"Capitol Commons Park, Pasig City",(02)77206106
Healthway- Robinson'S Place Manila,Clinic,Malate,NCR,"Gf 8 Adriatico, Padre Faura Cor. J. Bacobo St. Malate, Manila",7206112/5284548
Healthway-Alabang Town Center,Clinic,Muntinlupa City,NCR,"Lowe Level Alabang Town Center Alabang-Zapote Rd.,Alabang,",(02)7514929/8506721/7723527
Healthway-Festival Mall,Clinic,Muntinlupa City,NCR,"Festival Supermall 2/F Pixie Forest Entrance Filinvest Corporate City,Alabang",(02)7514929/5804028-30/8504263-65
Healthway-Greenbelt,Clinic,Makati,NCR,"Space 4-001D To 4-001G 4Th Level Greenbelt 5 Ayala Center, San Lorenzo,",(02)7514929/7206109/2398621
Healthway-Market Market,Clinic,Taguig,NCR,"4/F Market! Market! Bonifacio, Global City",(02)7514929/8894425-30
Healthway-Shangri-La,Clinic,Mandaluyong City,NCR,"5/F Wellness Zone, Shangri-La Plaza Mall Edsa Cor. Shaw Blvd.",02-7514929/9104929-30
Healthway-The Block,Clinic,Quezon City,NCR,5Th Level The Block Sm City North Edsa,02-7514929/4420339-44
Healthway-Up Town Center,Clinic,Quezon City,NCR,"Lower Gf Up Town Center, Katipunan Ave, Diliman,",(02) 8962 4776
Healthworks,Clinic,Quezon City,NCR,Unit 2-A1 Nova Square Mall Quirino Hway Cor. P. Dela Cruz St. San Bartolome Nova,(02)4199434
Heartland Medical & Diagnostic Center,Clinic,Paco,NCR,"1853 Leon Guinto Street, Malate, Manila",(02)3117486/3137717 8371-1688___
Hermosa Surgical Care Center Inc.,Clinic,Tondo,NCR,1142 Bmci Bldg. Hermosa St.,0917-170-3844
Hi Precision Diagnostics Plus-Fort Bonifacio,Clinic,Taguig,NCR,"3F Commerce Center Bldg. 31St Cor. 4Th Ave Bonifacio Global City, Taguig City",(02)5501735/85223310 6392-5525941
Hi Precision Diagnostics Plus-Katipunan,Clinic,Quezon City,NCR,"Lower G/F  The Arton Strip, Katipunan Ave., Cor. Highland Drive, Blue Ridge A",0943-128-0187/ 0917-711-3512
Hi-Precision  Diagnostics Plus-San Juan,Clinic,San Juan,NCR,"Unit G01,G02 And Mo1, Tna Bldg. 17 J. Abad Santos Little Baguio",09257055067/  8-871-6406 6392-5705506
Hi-Precision Diagnositcs-Sta. Ana,Clinic,Sta. Ana,NCR,"Gf Rivergreen Residences 2217 Pedro Gil St. Brgy 880, Zone 97",(02)8639999 loc. 2125/236/806
Hi-Precision Diagnostics Plus-Alabang,Clinic,Muntinlupa City,NCR,"2214-2216 Upper Groundfloor, Festival Supermall, Alabang",02- 8776-3702 639228906678
Hi-Precision Diagnostics Plus-Ayala,Clinic,Makati,NCR,"U-3 Gf Ayala North Exchange, Ayala Ave. Cor. Amorsolo St. Lorenzo",(02)8-983-0325
Hi-Precision Diagnostics Plus-Bf Homes,Clinic,Parañaque,NCR,"64 Aguirre Ave. Bf Homes, Sucat, Parañaque",02- 8-834-1295/ 8-834-1289 639255199511
Hi-Precision Diagnostics Plus-Moa,Clinic,Pasay City,NCR,Gf Umit 114 Mall Of Asia Arena Annex,09177081412 0284-416206_
Hi-Precision Diagnostics Plus-Ortigas,Clinic,Pasig City,NCR,"Unit G20-G23 Ortigas Technopoint One Doña Julia Vargas Ave.,",(02) 6337931 6392-5709483
Hi-Precision Diagnostics Plus-Rockwell,Clinic,Makati,NCR,"The Power Plant Mall Concourse Level Store 020-B, Poblacion, Makati City",(02)8998820 LOC.101-102 6392-2357431
Hi-Precision Diagnostics Plus-Sm Aura,Clinic,Taguig City,NCR,"364-365 Lev3 S Aura Premier, Mckinley Parkway Bgc, Fort Bonifacio",(02) 8-294-0015
Hi-Precision Diagnostics-A.H. Lacson,Clinic,Manila,NCR,"2Nd Flr,Pacific Skyloft Bldg 1160 Gov Forbes",02-8-5880147/8- 404-0102
Hi-Precision Diagnostics-Binondo,Clinic,Binondo,NCR,"Unit G01, Princeview Parksuites, Paramount Building 434 Quintin Paredes Street,",
Hi-Precision Diagnostics-Commonwealth,Clinic,Quezon City,NCR,"G/F Cpe Multi-Resources Inc. Bldg., Lot 21 Blk. 2 Don Marcos Ave. Fairview, Quez",02- 8-273-0874/ 8-2850928 63925728047
Hi-Precision Diagnostics-Del Monte,Clinic,Quezon City,NCR,"W. Long Bldg., 440-442 Del Monte Ave. Cor Biak Na Bato, Quezon City",(02)  8-731-9446
Hi-Precision Diagnostics-East Ave.,Clinic,Quezon City,NCR,"18 East Ave.,Cor V. Luna Diliman, Quezon City",(02) 3-435-8228 6392-2890668
Hi-Precision Diagnostics-Kalaw,Clinic,Manila,NCR,"Rm. 102 San Luis Terraces,638 T.M. Kalaw St. Ermita, Manila",(02) 8-404-1441/ 8-4050151 639277204764
Hi-Precision Diagnostics-Las Piñas,Clinic,Las Pinas City,NCR,"Lot 2 - D1 To 3, Alabang Zapote Rd., Talon Dos",02-8-800-6818/ 8-800-6824 6392178838811
Hi-Precision Diagnostics-Malabon,Clinic,Malabon City,NCR,"1/F L12 A Fishermall Malabon, L2-10 Blk8 Ph3 E-2 Longos District 2",(02)863-9999 local 2125/236/806
Hi-Precision Diagnostics-Mandaluyong,Clinic,Mandaluyong City,NCR,"Norkis Bldg. No. 11 Calbayog Cor. Dm Guevara St., Mandalauyong City",9178327313
Hi-Precision Diagnostics-Marikina,Clinic,Marikina City,NCR,"2/F Avisha Center, 94 Mayor Gil Fernando Avenue Cor. Mt. Vernon St., Sta. Elena",(02) 8-403-0593
Hi-Precision Diagnostics-New Retiro,Clinic,Quezon City,NCR,722 N.S. Amoranto Sr. Ave. Bgy. Sto. Domingo Quezon City,0917-7089051
Hi-Precision Diagnostics-Pasig,Clinic,Pasig City,NCR,"Unit 102-202 Armal Bldg.Ii, C.Raymundo Ave., Cor F. Legaspi Sts.,Maybunga, Pasig",(02) 8-628-3277
Hi-Precision Diagnostics-Pioneer,Clinic,Pasig City,NCR,8006 2F Pioneer Cor United St. Brgy Kapitolyo Pasig City,9338193859
Hi-Precision Diagnostics-Robinsons Magnolia,Clinic,Quezon City,NCR,"Unit 01136, Upper Ground, Robinsons Magnolia, Aurora Blvd., New Manila",0939-9155120
Hi-Precision Diagnostics-Sucat,Clinic,Parañaque,NCR,"Unit 4A-B Jaka Plaza Mall,8288 Dr. A. Santos Ave., San Antonio, Parañaque City",(02) 8-4038733 / 09175782237 639228966722
Hi-Precision Diagnostics-Taft,Clinic,Malate,NCR,"1852 Taft Ave., Bgy. 693 Zone 075 Malate, Manila",(02)8- 405-0039
Hi-Precision Diagnostics-V.Luna,Clinic,Quezon City,NCR,G/F Garpas Tower 31-B V. Luna St. Brgy. Pinyahan Quezon City,0933-8193799 639228906680
Hi-Precision Diagnostics-Valenzuela,Clinic,Valenzuela City,NCR,"Unit 3&4 Arca North Compound, 286 Mac Arthur Hi-Way Karuhatan, Valenzuela",02-282-9141 639255199512
Hi-Precision Diagnostics-Vertis North,Clinic,Quezon City,NCR,Level 3 Ayala Mall Vertis North Edsa Cor. North Ave Bagong Pag Asa,(02) 8-241-8957/ (02)7- 756-8606
Hi-Precision Diagnostics-Zabarte,Clinic,Caloocan City,NCR,"Lower Ground Floor Kai Mall Zabarte Cor. Camarin Roads Brgy. 174, North Caloocan",0917-8698409
Holylife Hospital,Hospital,Pasig City,NCR,"Lot 2 Blk 4 Pres. Quezon St. Lifehomes Subd.,",02 7 9190179 0923-6106824
Homelab Ayala Alabang Village Drive-Thru,Clinic,Muntinlupa City,NCR,"University Avenue, De La Salle Parking Lot Saturday Market Ayala Alabang",0917-1822057
Homelab Cubao Qc,Clinic,Quezon City,NCR,61D 17Th Avenue Cubao,0917-1822057
Homelab Maginhawa Qc,Clinic,Quezon City,NCR,30 Maginhawa St. Up Village,0917-1822057
Homelab Manila,Clinic,Manila,NCR,Ground Floor Harbour Front Bldg. Mel Lopez Avenue,
Homelab Muntinlupa,Clinic,Muntinlupa City,NCR,329 National Road Brgy Bayanan,0917-1764009
Homelab Ortigas,Clinic,San Juan,NCR,Ground Floor Unit 104 Sekai Center 368 Ortigas Cor Madison St.,0917-1822057
Homelab Pasay,Clinic,Pasay City,NCR,Victory Pasay Mall 2Nd Floor Arnais Corner Taft Avenue,0917-1822057
Homelab Pasig,Clinic,Pasig City,NCR,#3 Rafael Place San Rafael St. Kapitolyo,0912-6770373
Hospital Of The Infant Jesus,Hospital,"Sampaloc, Manila",NCR,"1556 Laong Laan Rd. Sampaloc,Manila",02-8731-2771
"I-Health Multi-Specialist Clinic, Inc.",Clinic,Las Pinas City,NCR,Unit 108-109 G/F Sm Center Las Piñas,(02)5569866/5568088 0915-4081779
I-Scan Diagnostic Center Inc.-Marikina,Clinic,Marikina City,NCR,6 J. P. Laurel Cor Chestnut,
"I-Scan Diagnostic Center, Inc.-Dimasalang",Clinic,Sta. Cruz,NCR,2119 Dimasalang Road,8241-8888/0917-122-7226
"I-Scan Diagnostic Center, Inc.-Malakas",Clinic,Quezon City,NCR,86 B Malakas St. Quezon City,(02)9286197/9272659 6392-5864722
I-Scan Healthcare Inc.-Valenzuela,Clinic,Valenzuela City,NCR,"584 Mcarthur Highway, Malanday,",02-8961-2371
Imed Multispecialty Clinic And Laboratories Inc.,Clinic,Caloocan City,NCR,T03 3F Victory Central Mall #717 Old Victory Cpd Rizal Ave. Caloocan,(02) 277 6347 639225604874
"Inter-Industrial Physician Medical Services, Inc.",Clinic,Parañaque,NCR,"Nuestra Señora Dela Paz St. Cor. San Antonio Ave. San Antonio Valley I, Sucat, P",(02) 825 4117 / 825-4117 6391-7825411
"International Health Aide Diagnostic Services, Inc.",Clinic,Manila,NCR,"2F Joshua Center, 1428 Taft Ave.,",(02)5219347/5222772
International Health Screening Corp.,Clinic,Malate,NCR,"4/F Altoha Bldg., 2100 Madre Ignacia Street",5310 1508
J.A.R. Medical Networkers And Mobile Diagnostic Services,Clinic,Quezon City,NCR,"U207 Residenciale Bldg. Kalayaan Ave., Quezon City",(02) 518-6371 9999999999
"J.P. Sioson General Hospital And Colleges, Inc.",Hospital,Quezon City,NCR,"75 Bukidnon St. Bago Bantay, Quezon City",(02) 9275643/ 02-89275643
Jdc Accelerated Wellness And Pain Clinic-Caloocan,Clinic,Caloocan City,NCR,Unit 201 7 Biglang Awa St Brgy 94,02-70023314 0961-9812868
Jdc Accelerated Wellness And Pain Clinic-Las Pinas,Clinic,Las Pinas City,NCR,"29 Bf Drive, Bf Resort Village, Talon Dos",(02) 7001-6228
Jdc Accelerated Wellness And Pain Clinic-Pasig,Clinic,Pasig City,NCR,"The Ooasis Hub B Unit M-511, Ortigas Ave Ext. Brgy Sta. Lucia",9558407772
Jdc Accelerated Wellness And Pain Clinic-Qc,Clinic,Quezon City,NCR,Unit 105 Culmat Bldg. E Rodriguez Sr. Ave. Brgy. Mariana New Manila,0955-2401356
Jesus Caress Diagnostic Laboratory,Clinic,Valenzuela City,NCR,"2/F Alsan Building, Km.17 Mcarthur Highway, Malanday, Valenzuela",(02) 84784688 / 0939-4379679 / 0917-1827172
Jesus' Immaculate Conception Hospital,Hospital,Marikina City,NCR,"Katipunan St. Marikina, Manila",(02)9419362
Kalinga Health- Mandaluyong,Clinic,Mandaluyong City,NCR,"Unit 204, Sulatan Tower, 1 Sulatan Street Corner Barangka Drive,Barangay Malamig",(02) 79074921
Kalinga Health- Marikina,Clinic,Marikina City,NCR,"1-2F C&V Building, 541 J. P. Rizal Street Cor. Sumulong Highway",(02) 73683082
Keralty Clinic Gateway,Clinic,Quezon City,NCR,"Level 2 Gateway Mall, Araneta Center",0919-0872198
Kinetik Regen Physiotherapy Services,Specialty Center,Marikina City,NCR,98 Rainbow St. Concepcion Dos Marikina City,0921-6370880
Klinikaya Medical Specialists Inc.,Clinic,Makati,NCR,"Wigwam Place, 2014 Ramon Magsaysay Avenue, Guadalupe Nuevo Makati City",02-8828433/88324599 0932-5312962
Kobe Clinic,Clinic,Muntinlupa City,NCR,2F Festival Mall Alabang,(02)8425405/6138 0917-5771025
Konsulta @ Resulta Medical Clinic & Laboratory,Clinic,Sta. Mesa,NCR,"2F Newton Plaza Bldg., 4408 Old Sta. Mesa Manila",(02)7139229/5608060 6391-7510152
Ksc Family Clinic,Clinic,Valenzuela City,NCR,Level 2 Jeepney Market Lot 633-C  Mcarthur Hway Cor A.Pablo St. Brgy. Karuhatan,02-79802057 0991-2397925
Lablife Medical And Diagnostic Center,Clinic,Quezon City,NCR,116 13Th Ave. Murphy Cubao,(02)70022811 0929-2691968
Lakambini Diagnostic Center,Clinic,Pasay City,NCR,1991 Unit E &F Wardley Bldg Taft Ave Pasay,02-4006266/4004643
Las Piñas City Medical Center,Hospital,Las Pinas City,NCR,"1314 Marcos Alvarez Ave., Talon Las Pinas City",02-88005524/5678/5746 6391-7800082
Las Piñas Doctors Hospital,Hospital,Las Pinas City,NCR,"Aguilar Ave.,Caa Rd., Pulanglupa Ii,Las Pinas City",028825-5236
Laser Center,Clinic,Mandaluyong City,NCR,G/F Stone & Prostate Ctr Victor Potenciano Med Ctr 163 Edsa H-Way Hills Mandaluy,(02)4771633 0917-8678663
Lifecore Bio Integrative Inc.,Specialty Center,Taguig City,NCR,One Central Tower 10F Along 9Th Ave Cor 31St St. Bgc,(02)8889129 LOC 102 0977-8170723
Lung Center Of The Philippines,Hospital,Quezon City,NCR,Quezon Ave,(02)924-6101 TO 30
"M Diagnostics Philippines, Inc.",Clinic,Pasay City,NCR,Cbl Area Domestic Road,
Madrid Polyclinic And Diagnostic Center Inc.,Clinic,Quezon City,NCR,"#10, 15Th Ave., Cubao, Q.C.",02-8290 5707 0933-3527765
Makati Medical Center,Hospital,Makati,NCR,"Amorsolo St.,Legaspi Vill., Makati City Makati City",(02)8888-8999
Makati Medical Center-Care Access Araneta Cubao,Clinic,Quezon City,NCR,"Manhattan Plaza Tower 1, Gen. Romulo Ave. Cubao,",(02)8 888 8999 local 8425 0917-5052891
Manila Doctors Hospital-Ermita,Hospital,Manila,NCR,"Un Ave., Ermita Manila Manila",(02)5580888 6391-7877846
Manila Doctors Hospital-Imsd,Clinic,Manila,NCR,G/F Manila Doctors Hospital Un Ave.,(02)5288140
Manila Doctors-Mri,Clinic,Manila,NCR,"Mri Section, Radiology Dept.G/F Manila Doctors Hospital, 667 United Nations Ave",(02)5230720-22
Manila Hearing Aid Center-Alabang,Clinic,Muntinlupa City,NCR,"Level 3 Service Tower, Alabang Town Center",(02)8093902
Manila Hearing Aid Center-Cubao,Clinic,Quezon City,NCR,"0036 G/F Phase 1, Alimall Araneta Center,Cubao",(02)9111528
Manila Hearing Aid Center-Main,Clinic,Quezon City,NCR,"#14 Quezon Ave.,",(02)7327723
Manila Hearing Aid Center-Makati,Clinic,Makati,NCR,"3/F Mercury Drug, Quad 3 Ayala Mall Entrance Glorietta",(02)5215726
Manila Hearing Aid Center-Manila,Clinic,Manila,NCR,4/F Manila Astral Tower Cor Taft Ave. And Padre Faura,(02)5215726
Manila Hearing Aid Center-Sm Megamall,Clinic,Pasig City,NCR,5/F Bldg. A Ortigas Center,(02)6336039
Manila Hearing Aid Center-Sm Moa,Clinic,Pasay City,NCR,Sm Mall Of Asia -Unit 204 South Mall Parking,(02)5560589
Manila Hearing Aid-Bgc,Specialty Center,Taguig,NCR,,
Manila Hearing Aid-Feliz,Specialty Center,Pasig City,NCR,Ayala Malls Feliz Marikina Infanta Hi-Way,(02)73737683 0956-0642870
Manila Hearing Aid-Sm City North Edsa,Clinic,Quezon City,NCR,5/F Sm City North Edsa -The Block,(02)4420047
Manila Hearing Aid-Sm Fairview,Clinic,Quezon City,NCR,"Lower Gr Annex2 Bldg.Quirino Hiway,Sm Fairview, Novaliches",
"Manila Lithotripters, Inc.",Clinic,Quezon City,NCR,G/F Cmc Bldg. Iii Quezon Ave. Cor Scout Magbanua,02-3723825 LOC 3132
Mansalapuz Physical Therapy Clinic,Clinic,Manila,NCR,"One Agm Plaza, Unit 305, 1830 Rizal Ave., Sta. Cruz",02-85661152 0926-9120566
Marikina Doctors Hospital And Medical Center Inc,Hospital,Pasig City,NCR,10 Evangelista Road Brgy. Santolan,02- 85353837 0949-8014867
Marikina Medical Doctors Clinic And Laboratory,Clinic,Marikina City,NCR,Marikina City,
"Marikina Multispecialty Healthcare Services, Inc.",Clinic,Marikina City,NCR,"865 Jocevil Building, J. P. Rizal Street Concepcion Uno",
"Marikina Valley Medical Center, Inc.",Hospital,Marikina City,NCR,Sumulong Highway Cor Aguinaldo St. Marikina City,02-8-6822222
Marilao Medical And Diagnostic Clinic-Pasay,Clinic,Pasay City,NCR,Antonio Arnaiz Cor Fb Harrison St.,9612303599
Martinez Memorial Hospital,Hospital,Caloocan City,NCR,"198 Mabini St., Caloocan City",(02)2888861-63
Mary Chiles General Hospital,Hospital,"Sampaloc, Manila",NCR,"Gastambide St., Sampaloc Manila",02-8735-5341
Mary Johnston Hospital,Hospital,Tondo,NCR,"1221 J.Nolasco St., Tondo,Manila",(02)2454021 TO 25/ 02-5318-6600
Marzan Health Care Inc.,Clinic,Quezon City,NCR,V. Luna Ave. Diliman,(02)4364407
Mayon Clinical Laboratory & Medical Services,Clinic,Quezon City,NCR,857 Mayon St. Bgy. Amoranto,02-87083520 639167879372
Mayon Clinical Laboratory And Medical Services-Panay Ave.,Clinic,Quezon City,NCR,"Unit 105 G/F, M Place @South Triangle #116 Panay Ave.,",02-82836959
Mcu-Fdtmf Hospital,Hospital,Caloocan City,NCR,"Edsa, Caloocan City",02-83619769
Md Plus Clinic And Diagnostic Center-Alabang,Clinic,Muntinlupa City,NCR,2F Westgate Hub Westgate Center Filinvest Corporate City Alabang,02-88231111
Md Plus Clinic And Diagnostic Center-Bgc,Clinic,Taguig City,NCR,202B Park West 36Th St. Cor 7Th Ave. Fort Bgc,(02) 8868 - 1111
Med Help Clinic And Diagnostic Inc.,Clinic,Pasig City,NCR,Us2 Armal Center Bldg. Caruncho Ave. Malinao,7903-6114
"Medcare Specialty Clinic, Inc.",Clinic,Quezon City,NCR,384 E. Rodriguez Cor Betigo Del Monte Brgy. Immaculate Concepcion,(02)8067033 639566721957
Medexcel Health Care+ Inc.,Clinic,Malabon City,NCR,"Robinsons Town Mall Malabon, Level 2, #5 Gov Pascual Ave., Cor., Crispin St., Ti",(02)2777358 6399-8889808
Medhealth Diagnostic Services Inc.,Clinic,Quezon City,NCR,Ugf Victoria 1 Bldg 1670 Quezon Quezon City,(02) 7095724
"Medhub Diagnostic Center, Inc.",Clinic,Taguig City,NCR,Go4 Gf 11Th Corporate Center 11Th Ave Cor Triangle Dr. Bonifacio Global City,(02)86889044 0917-8441984
Medical And Wellness Center @Eastwood Inc.,Clinic,Quezon City,NCR,"Unit 212-214 Cybermall Bldg., Eastwood City, Libis, Bagumbayan, Q.C.",(02)6874076
Medical Anesthesia Care,Clinic,Muntinlupa City,NCR,"Asian Hospital 2205 Civic Drive Filinvest Corporate City, Alabang, Muntinlupa",(02)8765724/6591744 8876-5724___
"Medical Benefit Clearinghouse, Inc.",Clinic,Pasig City,NCR,"Gf Citystate Centre, #709 Shaw Blvd. Oranbo, Pasig City",(02) 88575451
Medical Center Manila,Hospital,Manila,NCR,"1122 Gen.Luna St., Ermita Manila",02-8523-8131 0915-0097514
"Medical Center Muntinlupa, Inc.",Hospital,Muntinlupa City,NCR,"338 Natil Rd.,Putatan, Muntinlupa",0288620162 to 69
"Medical Center Of Taguig City, Inc.",Hospital,Taguig,NCR,"Levi Mariano Ave, Brgy. Ususan",02-8888-6284
"Medical Center Parañaque, Inc.",Hospital,Parañaque,NCR,Dr A. Santos Ave. Sucat Road,(02)8256911-15/02-8478-8330
Medicus Diagnostic Center-Paranaque Branch,Clinic,Parañaque,NCR,Unit Bpi  Bldg.  Dona Soledad Ave. Better Living Subd.,(02) 7257-3347 0917-5255325
Medisense Laboratory Center-Manila,Clinic,Ermita,NCR,"3Rd & 4Th Floor Bdo Building Luneta No. 707 T.M. Kalaw Ave. Corner Churucca St,","02-392-4257 , 02-527-6349"
Medluck Diagnostics & Medical Clinic,Clinic,Pasay City,NCR,"Street 73 Clemente Jose, Malibay",02-826-0539
Megacenter Diagnostics Corporation,Clinic,Quezon City,NCR,Katipunan  Bldg. 95 E. Rodriguez Sr. Boulevard Quezon City,(02)7810388/7497457/7129290 6391-7896354
Mercihub Multispecialty And Diagnostic Clinic,Clinic,Pasig City,NCR,3F 215 Pointe Pasig 2628 C. Raymundo Ave. Brgy. Rosario,8651-1845 0945-4357772
Messiah Clinica Medica Medical Clinic,Clinic,Makati,NCR,"Unit 2E & 2D Kimston Plaza P. Victor Cor P. Burgos, Guadalupe, Nuevo",09605049278 0995-1988119
Meta Factor Personal Wellness Enhancement Services Inc.-Manila,Clinic,Malate,NCR,"1879 Mh Delpilar St., Baypark, Along Roxas Blvd Malate",(02) 353-3130 0917-8166428
Metro Docs Co.,Clinic,Pasig City,NCR,Unit 5 Jacinto Plaza Eulogio Amang Rodriguez Ave.,0917-5213177
"Metro North Medical Center And Hospital, Inc.",Hospital,Quezon City,NCR,"1001 Brgy. Bahay Toro Mindanao Ave Cor Congressional Ave., Quezon City",02-8-426-8000  0917-1361362
Metro Sanitas Medical Clinic-Festival Mall,Clinic,Muntinlupa City,NCR,"2F Main Mall, Xsite Wing Festival Mall, Filinvest,Alabang",637-9661 Loc.159
Metropolitan Medical Center,Hospital,Tondo,NCR,"1357 G.Masangkay St., Tondo, Manila",(02)2541111
"Metrospecialists Diagnostic And Surgicenter, Inc.",Clinic,Malabon City,NCR,"2/F Mgc Veranda, Gov. Pascual, Tinajeros, Malabon",02-3523663/4250898 6392-7791199
Minute Healthcare Clinic,Clinic,Quezon City,NCR,238 Tomas Morato Cor Scout Bayoran St. Bgy. South Triangle,4155094/4411815 6393-2853655
Mission Hospital-Pasig,Hospital,Pasig City,NCR,Km.17 Ortigas Ave. Ext. Rosario,02-8655 0162 to 63 / 952 4443
Monte Zion Diagnostic And Medical Center Corp.,Clinic,Quezon City,NCR,"Gf Icc-Mtc Building, 699 Tandang Sora Ave. Matandang Balara",(02) 87310165 0917-1589819
Motions Venture Physio Therapy Clinic-Bgc,Specialty Center,Taguig,NCR,"Unit 221 Avida Cityflex Soho Tower, 7Th Cor Ave Lane, Bgc",(02)870899657 0995-4130872
Motions Venture Physio Therapy Clinic-Pasig,Specialty Center,Pasig City,NCR,"U805 Antel Global Corp Center,1605 Doña Julia Vargas Ave, Ortigas Center",70899657
Motions Venture Physio Therapy Clinic-Quezon City,Specialty Center,Quezon City,NCR,"U303-304 Columbian Bldg.,Brgy. Philam, West Ave,",0905 625 7071
"Multicare Medical And Diagnostic Center, Inc.",Clinic,Quezon City,NCR,Unit 302-303 3F Gempc Bldg. 132 Timog Ave.Cor Edsa Quezon City,(02)9316953 639179892817
Myhealth Clinic Venice Grand Canal,Clinic,Taguig,NCR,"Mckinley Hill Garden Villas, Upper Mckinley Rd, Taguig",(02)7846930
Myhealth Clinic- Festival Supermall,Clinic,Muntinlupa City,NCR,"2Nd Level Style Blvd., Festival Supermall Filinvest Corporate City, Alabang",8094388/8504855
Myhealth Clinic-Sm City North Edsa,Clinic,Quezon City,NCR,"2Nd Level Northlink, Sm City North Edsa North Ave.",4414106
Myhealth Robinsons Place Manila,Clinic,Manila,NCR,"Level 3 And 4 Pedro Gil Wing, Robinsons Place Manila, Adriatico St. Paco",9999999999
Myhealth-Shangri-La,Clinic,Mandaluyong City,NCR,Ground Level Unit 146 Edsa Shangri-Plaza Mall Edsa Cor Shaw Blvd.,5704325
National Kidney & Transplant Institute,Hospital,Quezon City,NCR,"East Avenue, Quezon City",(02)9810300/9810400/ 289810300
"Neomedica Health Services, Inc.",Clinic,Quezon City,NCR,Lt 4 Blk 71 Congressional Ave Brgy Bahay Toro Quezon City,028-929-6055
"Nephrology Center Of Manila, Inc.",Clinic,Manila,NCR,"G/F Ruby Anne Bldg.,911 San Andres St., Cor Leon Guinto St.",(02)5365108/5365110
New World Diagnostics Inc. - Paranaque,Clinic,Parañaque,NCR,"# 34 Presidents Ave., Bf Homes",0917-8952572
New World Diagnostics Inc. - San Juan,Clinic,San Juan,NCR,"Gf Gsquare, Wilson St.",0917-8952572
"New World Diagnostics, Inc.-Baesa",Clinic,Quezon City,NCR,"Unit 5 Olympia Commercial Plaza, 131 Quirino Hi-Way",(02) 87908875
"New World Diagnostics, Inc.-Las Piñas",Clinic,Las Pinas City,NCR,"Imperial Appliance Plaza, Brgy. Talon-Uno Alabang-Zapote Road",(02) 87908890 9999999999
"New World Diagnostics, Inc.-Makati",Clinic,Makati,NCR,"Rms.104-105 G/F Campos Rueda Bldg., 101 Urban Ave.,San Lorenzo Vill.",(02) 87908870
"New World Diagnostics, Inc.-Malabon",Clinic,Malabon City,NCR,"Unit 101 & 102 Mezzanine Floor, Panco Square Bldg., 67 Mc. Arthur Highway Potrey",(02) 87908865
"New World Diagnostics, Inc.-Mediscan",Clinic,Manila,NCR,"G/Fwest East Bldg., 1336 Taft Ave, Manila",(02) 84042775
"New World Diagnostics, Inc.-Meralco",Clinic,Pasig City,NCR,"33 Meralco Avenue, Barangay San Antonio Pasig",(02) 87908820 9999999999
"New World Diagnostics, Inc.-Mirasol",Clinic,Manila,NCR,854 Apacible St. Cor Taft Ave.M Manila,((02) 87908860
"New World Diagnostics, Inc.-North Edsa",Clinic,Quezon City,NCR,"992 Philippine College Of Surgeons Bldg. Between Sm North Annex, Edsa",(02) 8790-8845
"New World Diagnostics, Inc.-Novaliches",Clinic,Quezon City,NCR,Gen. Luis St. Bgy. Nagkaisang Nayon Novaliches,(02) 87908855 9999999999
"New World Diagnostics, Inc.-Ongpin",Clinic,Binondo,NCR,Mezzanine Flr. Strata Gold Condo. 738 Ongpin St. Binondo Manila,(02) 82514434 9999999999
"New World Diagnostics, Inc.-Tuazon",Clinic,Quezon City,NCR,"205 D. Tuazon St.,",(02) 87908888
Nicatto Health Dynamics Corp.,Clinic,Pasig City,NCR,"Unit 1405 The Jollibee Ctr Bldg., San Miguel Ave. Ortigas Ctr.",(02)7391991 639178042644
Nodado General Hospital,Hospital,Caloocan City,NCR,Area A Camarin Caloocan,(02)89628021 6391-7858260
"North Caloocan Doctors Hospital, Inc.",Hospital,Caloocan City,NCR,"Lot 31 Blk. 10 Bankers Vill. Ii, Quirino Hi-Way Caloocan City",02-75019924
Northernhealth Medical And Diagnostic Center,Clinic,Valenzuela City,NCR,89 A Karuhatan Rd,(02)70917811 0927-4903385
Novaliches General Hospital,Hospital,Quezon City,NCR,793 Quirino Hi-Way Quezon City,02-842688888 0942-2919025
Ny Theraspine-Makati,Clinic,Makati,NCR,2135 Don Chino Roces Ext. Pio Del Pilar,02-834-1264 0917-5422415
Ny Theraspine-Qc,Clinic,Quezon City,NCR,73 G Dr. Lazcano St. Brgy. Laging Handa,(02)921-9831 0917-5735894
"Ocare Diagnostic And Medical Center, Inc.",Clinic,Pasay City,NCR,3Rd Floor Stwlpc 338 Sen.Gil Puyat Ave. Brgy.12,0915-617-4722
Ocw Medical Clinic,Clinic,Ermita,NCR,"3/F Regent Bldg.,1415 Gen Luna St.",8521-6171 0922-8630091
Olano Mabalay Pain And Wellness Pt Clinic,Clinic,Quezon City,NCR,"188 Susano Road Brgy. San Agustin, Novaliches",
Olayn Medical Laboratory,Clinic,Malate,NCR,3Rd Flr Bdo Bldg. Taft Ave. Vito Cruz,02-82421017
Olivarez General Hospital Inc.,Hospital,Parañaque,NCR,"Sucat Rd., Paranaque","(02) 8826-5035,"
Omnicare Health System Inc.,Clinic,Las Pinas City,NCR,"Lower Ground Evia, Vista City, Daang Hari Rd. Almanza Ii",(02)8341480-1
Ospital Ng Muntinlupa,Hospital,Muntinlupa City,NCR,Filinvest Civic Drive Filinvest Corporate City,02-87710457
"Our Lady Of Grace Hospital, Inc.",Hospital,Caloocan City,NCR,8Th Ave. Cor F. Roxas St. Grace Park Caloocan,(02)8361-1138 0943-5448737
Our Lady Of Lourdes Hospital-Mla,Hospital,Sta. Mesa,NCR,"46P Sanchez St., Sta.Mesa Manila",02-8716-3901 0939-2225833
Pacific Global Medical Center,Hospital,Quezon City,NCR,"Lot 2B Mindanao Ave. Brgy. Talipapa Novaliches, Quezon City",02(7) 901-4941 / 02(8)2487400 0945-7882125
"Parañaque Premier Hospital & Medical Center, Inc.",Hospital,Parañaque,NCR,"Lot 2 Amvel Business Park, Brgy. San Dionisio, Sucat Road, Parañaque City",02-8865-2200
Pasig Doctors Medical Center,Hospital,Pasig City,NCR,254 Amang Rodriguez Ave. Brgy. Manggahan,02-8878-7362 0927-1219967
"Patient First Medical Center, Inc.",Clinic,Makati,NCR,"2212 Chino Rocess Avenue, Kdc Plaza Bldg. Brgy. Pio Del Pilar",(02)8402218-8402220 0917-8212218
Patient First Medical Center-Qc,Clinic,Quezon City,NCR,"1418 Kamias Rd Anonas Extension Sikatuna Village, Quezon City",(02)4337362
Peak Physical Therapy & Scoliosis Center Corp.,Clinic,Quezon City,NCR,"Unit 6B Olympic Heights, Tower 3 Eastwood Cyberpark City, Bagumbayan",
Peregrine Eye And Laser Institute,Clinic,Makati,NCR,"5F Morning Star Center, 347 Sen. Gil Puyat Ave., Bel Air",(02) 8890 0115
"Perpetual Succor Hospital And Maternity, Inc.",Hospital,"Sampaloc, Manila",NCR,836 F. Cayco St. Sampaloc,(02) 8731 1631 0922-8388287
Philippine Airport Diagnostic Laboratory,Clinic,Pasay City,NCR,Cbl Area Domestic Road Brgy 191,0917-7468243
"Philippine Gamma Knife Center, Inc.",Clinic,San Juan,NCR,"Cardinal Santos Medical Ctr Compound , Wilson St",(02)7259254/7260776
Philippine General Hospital,Hospital,Ermita,NCR,"Taft Ave,",02-8554-8400 5548-4003132
Philippine Heart Center,Hospital,Quezon City,NCR,"East Ave., Quezon City",(02)9252401
Philippine Oncology Center Corporation-Ermita,Clinic,Manila,NCR,Manila Medical Center,02-9577120 or 2513462
Philippine Oncology Center Corporation-Qc,Clinic,Quezon City,NCR,"Basement, Marian Medical Arts Bldg. Dahlia Ave. West Fairview",(02)3723208/3723195/283-2232
"Philippine Orthopedic Institute, Inc.",Clinic,Makati,NCR,"2F Don Jacinto Bldg. Dela Rosa St.,",(02)8921541-43 6391-7854437
"Philippine Urology Care Hub, Inc.",Specialty Center,Caloocan City,NCR,G/F Camarin Doctors Hospital #1 Camarin Road Brgy 172,(02)70042670 0917-7000369
Physio Asia Therapy Centre,Clinic,Makati,NCR,"2205 Centuria Medical Makati, Kalayaan Ave. Cor. Salamanca St",639177180792/( 632) 8863 0657
Physiocare Medical Clinic-Pasig,Clinic,Pasig City,NCR,"Acm Building, Ortigas Avenue Extension Cor De Castro Ave  Brgy. Sta. Lucia",09171576339 0917-1509053
Physiocare Physical Therapy Clinic,Clinic,Makati,NCR,"Lg49 Calle Estacion,Cityland Pasong Tamo",0995-7212960
Physioworks Physical Therapy Clinic,Clinic,Quezon City,NCR,"1 Level Terrazzo Mall, Tomas Morato Ave. Cor Scout Madriñan St. South Triangle",0956 462 9237 0956-4629237
Physixare Adtek Solutions Inc.-Global,Clinic,Taguig,NCR,210 Mckinley Park Residences 3Rd Ave Cor. 31St St. Bonifacio Global City,(02) 5198338 0917-6340226
Physixare Adtek Solutions Inc.-Makati,Clinic,Makati,NCR,"902 Medical Plaza,Amorsolo St.Cor Dela Rosa St. Legaspi Village Makati City",
Physixare Adtek Solutions Inc.-Sm Aura,Clinic,Taguig City,NCR,"Unit 1705, 17Th F Sm Aura Premier, 26Th St. Cor Mckinley Parkway, Bgc",(02)7 750 6796 0977-8313424
"Pmp Diagnostics Center, Inc.-Main Branch",Clinic,Ermita,NCR,"1428 G/F Joshua Center, Taft Avenue",0917-5521760
"Pmp Diagnostics Center, Inc.-Makati",Clinic,Makati,NCR,7224 Malugay St. Cor. Buendia Bel Air,0917-8005866
Polyhealth Practice Corporation,Clinic,Malabon City,NCR,"2F Cenel Place, 239 Gen. Luna Cor Burgos St. Brgy. Concepcion, Malabon City, Man",(02)3764350/9559000 8252-9000___
"Pope John Paul Ii Hospital And Medical Center, Inc.,",Hospital,Las Pinas City,NCR,"545-E Alabang-Zapote Rd., Talon Uno,",02-8826-0285
Premier 101 Medical And Diagnostic Center,Clinic,Valenzuela City,NCR,"2Nd Floor Valenzuela Town Center,Karuhatan",02-823-2766
Premiere Endoscopy Center Inc.,Clinic,Quezon City,NCR,"Bell-Kenz Tower #127 Malakas St. Diliman,",
Premiere Eye Diagnostic And Treatment Center Corp.,Clinic,Ermita,NCR,Ykm Ctr 2Nd Flr United Nations Ave. Alhambra St. Brgy. 667 Zone 72,(02) 8282-80-99/ 09273718487/ 09283664325 0928-3664325
Premiere Medical And Cardiovascular Laboratory,Clinic,Quezon City,NCR,Quezon City,8426-9745 loc 120 0917-7141951
Prima Medica Health Clinic,Clinic,Parañaque,NCR,3Rd Flr Bldg B Sm Sucat San Dionisio,829-6428
"Primarycare Plus, Inc. Cubao",Clinic,Quezon City,NCR,"873 Diamond Arcade Bldg., Aurora Blvd. Cubao, Quezon City",(02)7094142
"Primarycare Plus, Inc. Taguig",Clinic,Taguig,NCR,"Unit4 Cluster Woodridge Mckinley Hill Brgy. Pinagsama, Taguig",(02)8365823
"Prime Care Multi-Specialty Health Systems, Inc.",Clinic,Parañaque,NCR,Unit B 072 Lg  Bldg. B Sm-Bicutan Parañaque City,(02)8229139 6391-0305674
Prime Health Imaging Corporation,Specialty Center,Mandaluyong City,NCR,287 Shaw Blvd Cor L Cruz Hagdan Bato Libis,(02)8569-1767 / 7119-1269 0917-6613475
Prince  Kean Wellness Center,Clinic,Marikina City,NCR,"569 Jp Rizal St., Malanday",(02)79542656
Pro-Health Asia Philippines Inc.,Clinic,Makati,NCR,"28F Centuria Unit 3 Makati Medical, Kalayaan Avenue Cor. Salamanca St Brgy. Pobl",(02)77938762 0966-8571786
Prolab Diagnostics,Clinic,Makati,NCR,G/F Bm Bldg 928 A. Arnaiz Ave. San Lorenzo Vill.,(02)8442507/2492
Prolab Diagnostics-Qc,Clinic,Quezon City,NCR,"Unit 304 Ramona Bldg.,146 Timog Ave., Cor Edsa",(02)9273419/4147022
Protacio Hospital,Hospital,Parañaque,NCR,"484 Quirino Ave., Tambo Paranaque City",02-8852-2953 6391-7806619
"Protech Laboratory And Drug Testing, Inc.",Clinic,Makati,NCR,"3/F Rm 310 Medical Towers Bldg. V.A. Rufino St. Legaspi Village, Makati City",(02)8921376
Providence Hospital Inc.,Hospital,Quezon City,NCR,"1515 West Triangle, Quezon Ave., Quezon City",(02)5586999 HMO LOC.623
"Providence Radiology Group, Inc.",Clinic,Quezon City,NCR,"Radiology Department, 5/F, Providence Hospital, 1515 Quezon Ave., West Triangle,",(02)5586999
"Provision Eye Care Network, Inc.",Clinic,Pasig City,NCR,"Gf Silver City, Tiendesitas Complex, Fontera Verde, Brgy. Ugong, Pasig",(02)6614608
Pupsi Ultrasound & Laboratory Services,Clinic,Taguig,NCR,Level 3 Market Market Bonifacio St. Global City,02-8564955
Qualimed Surgery Center-Manila,Clinic,Manila,NCR,"2/F Up-Pgh Faculty Medical Arts Bldg.(Fmab), Pgh Compound, Taft Avenue",(02)7080000/3541636/5251824
Qualimed-Makati,Clinic,Makati,NCR,"G/F Mckinley Exchange Corporate  Center, Mckinley Rd. Cor Edsa, Makati",(02)8610517 (02)-511-7398-ACCTG
Qualimed-Uptown Center,Clinic,Quezon City,NCR,Lower Gr Level Up Town Center Diliman,(02)-904-1406 (02)-511-7398-ACCTG(
"R.G.O. Laboratory & Industrial Diagnostic Center, Inc.-Bgc",Clinic,Taguig,NCR,"Unit 7A Icon Plaza 26Th St. Bgc, Fort Bonifacio",0935-1302021
"R.G.O. Laboratory & Industrial Diagnostic Center, Inc.-Parañaque",Clinic,Parañaque,NCR,"Airport Global Plaza Unit 2E & F, Naia Rd. Tambo",
R.G.O. Laboratory And Industrial Diagnostic Center Inc.,Clinic,Makati,NCR,Emiluz Bldg. 1980 M.Reyes Cor.Gen. Lucban St. Bangkal,889-1311 / 843-1853 / 889-4944 / 821-4709 9999999999
Re-Life Physiotherapy Services,Specialty Center,Navotas,NCR,"Unit 2-B, Hvs Building, 525 M. Naval St., Brgy. Bangkulasi",0999-187-7491 0927-1908312
Re-Life Physiotherapy Services-Qc,Specialty Center,Quezon City,NCR,"Gf, Anonas Prime Square Building, 10 Anonas Street, Brgy Quirino 3A, Project 3",0956-6876045
Recuenco General Hospital Inc.,Hospital,Taguig City,NCR,68 Sampaloc Ext. North Signal Village,02-8808-5950 0951-1217153
Reliant Health Med Alliance Corp.,Clinic,Taguig,NCR,"Avida City Flex Towers U304 Soho Bldg 7Th Ave Cor. Lane T.,North Bonifacio, Bgc",(02) 79463418 0939-9223580/0917-85
Rg Medical Clinic Inc.,Clinic,Makati,NCR,"1692 Evangelista St., Bangkal, Makati",(02)8432645/8441392/4786627
Rgo Laboratory & Diagnostic Center Inc.-Makati,Clinic,Makati,NCR,"1980 Emiluz Bldg, M. Reyes St., Cor Lucban St., Bangkal",(632) 8821-4709 L227 0935-1302021
Ritz-Son Physical Therapy Clinic-Fairview,Clinic,Quezon City,NCR,Unit 213 Marian Medical Arts Bldg Dahlia Cor Regalado Ave Fairview,(02)84613322 0936-8858485
Ritz-Son Physical Therapy Clinic-Valenzuela City,Clinic,Valenzuela City,NCR,1 Gov. Santiago Mcarthur Highway Malinta,(02)71202823 0977-3528780
Rsi Dialysis Center Inc.-Cubao,Clinic,Quezon City,NCR,18 Bety Go Belmonte Drive Cubao,9999999999
Rubrics International Health Services Inc.,Clinic,Quezon City,NCR,"38 Scout Ybardolaza, Corner Scout Rallos Street",09229401460/09178567005 0917-8567005
Rvpr Orthopedic And Physical Therapy Clinic,Clinic,Marikina City,NCR,9 Katipunan St. Sto. Nino,02-77946650
Sabater General Hospital,Hospital,Pasig City,NCR,Caruncho Avenue Pasig City,75089509 8641-8194___
Sacred Heart Diagnostic Medical Center Inc.,Clinic,Makati,NCR,Mega Ctr Paseo De Magallanes Village,(02)8530235/0633
"Sacred Heart Multispecialty Clinic & Diagnostic Center, Inc.",Clinic,Mandaluyong City,NCR,"600 Jovan Condo,Shaw Blvd.,Cor Camat St. Mandaluyong City",(02)5357468/5357620
"Safeway Diagnostics And Medical Clinic, Inc.",Clinic,"Sampaloc, Manila",NCR,"Centillion Centre Bldg., 2972 Ramon Magsaysay Blvd Sta. Mesa, Manila",(02)7135219-20/3531841
Saint Claire Healthcare System Inc.,Clinic,Quezon City,NCR,Rm 210-212 117 E. Rodriguez Sr.,0925-466-71-00/0915-980-20-85
"Salve Regina General Hospital, Inc.",Hospital,Pasig City,NCR,Lot A2A Marcos Hway Barrio Dela Paz 1600,(02)4774847 / 6617715
San Jose Dialysis Center Corp.,Specialty Center,Parañaque,NCR,"Dr. A. Santos Ave., Cor. N. Lopez St. San Isidro",(02) 7373-8863
San Juan De Dios Educational Foundation Inc. Hospital,Hospital,Pasay City,NCR,"2772 Roxas Blvd., Pasay City",02-8831-9731
San Lorenzo General Hospital-Deparo,Hospital,Caloocan City,NCR,"Deparo Rd, Deparo 170,",02-89396042
"San Lorenzo Hosp. Health Mgt. Co.,Inc.",Hospital,Quezon City,NCR,Quirino Highway Novaliches Qc,(02)9302195/9397054 6391-7794009
"San Ramon Hospital, Inc.",Hospital,Marikina City,NCR,"38 Gen Ordoñez St., Rancho 4",(02)9418632 0927-3936991
Sanda Diagnostic Center,Clinic,"Sampaloc, Manila",NCR,"Sanda Bldg, 1418 Lacson Ave,",(02) 8256 3337
Sandbox Clinic,Clinic,Taguig City,NCR,"Unit 3A, 3Rd Floor, Active Fun Building, 9Th Ave., Corner 28Th St.,",(02) 5310-3805 0917-7263269
Sds Medical Center Inc.,Hospital,Marikina City,NCR,Katipunan Ext. Cor. Pio Del Pilar Concepcion Dos,0279337078 6392-2885836
Shinagawa Lasik & Aesthetic Center Corporation-Bgc,Specialty Center,Taguig City,NCR,"21St Flr. Ore Central Building, 9Th Ave. Cor 31St St. Bgc,",
Shinagawa Lasik & Aesthetic Center Corporation-Makati,Clinic,Makati,NCR,"Mezzanine Flr, Tower 2, The Enterprise Center, 6766 Ayala Ave Cor Paseo De Roxas",
Shinagawa Lasik & Aesthetic Center Corporation-Ortigas,Specialty Center,Pasig City,NCR,"21St Floor, Hanston Square Bldg., #17 San Miguel Ave., Ortigas Center,",
"Singapore Medical Laboratories, Inc.",Clinic,Makati,NCR,"4Th & 8Th Flr. Sterling Centre, Dela  Rosa St. Cor Ormaza St., Legazpi Vill. Mak",(02)8450655
Soriano Dater Medical Corporation,Clinic,Quezon City,NCR,185 E. Rodriguez Jr. Brgy. Bagumbayan,
South Superhighway Medical Center Sucat,Hospital,Parañaque,NCR,"Km.17 Service Rd., South Superhighway Sucat Paranaque",02-88232357 639189042480
Specialty And Molecular Pathology Laboratory,Clinic,Makati,NCR,U1402 Centuria Medical Makati,02-836-55230
Ssmc Satellite Clinic-Baclaran,Clinic,Parañaque,NCR,C-Side Complex(Beside Max) Aguarra St Baclaran,(02) 8-823 2357
"Ssmchealth, Inc.-Muntinlupa",Clinic,Muntinlupa City,NCR,"3F Sycamore Centre, Alabang-Zapote Rd. Cor Buencamino St. Cupang",
St. Camillus Medical Center,Hospital,Pasig City,NCR,Amang Rodriguez Pasig City,(02)6453741-43
St. Camillus Polyclinic Makati,Clinic,Makati,NCR,"1570 Archimedes St., Bgy. La Paz",0288899-3053
St. Cecilia Diagnostic Clinic,Clinic,Quezon City,NCR,2F Britany Square Bldg. Belfast Cor Mindanao Ave. Extn Pasong Putik Proper,(02)8546617 0995-1661127
St. Cecilia Polyclinic,Clinic,Ermita,NCR,1149 A.Mabini St.,
St. Christiana Hospital Inc.,Hospital,Pasig City,NCR,"3338 Kaginhawahan Rd.,Karangalan Village, Manggahan",02 86828751 6390-6571764
"St. Clare'S  Medical Center, Inc.",Hospital,Makati,NCR,1838 Dian St.,02-831-65-11 TO 14
St. Fausta Medical And Diagnostic Center,Clinic,Malabon City,NCR,"Unit C Bpi Bldg. 167 Marcelo H. Del Pilar St, Santulan",02-796-6448
St. George Clinical Laboratory Services-Kaloocan,Clinic,Caloocan City,NCR,704 Rizal Ave. Ext. Grace Park,(02) 367-3083 9999999999
St. George Clinical Laboratory Services-Qc,Clinic,Quezon City,NCR,132 Kalayaan Ave. Brgy. Central,(02) 3301299/ (02) 426-3490
St. John Biocare & Dialysis Center Foundation Inc.,Clinic,Quezon City,NCR,"1198 Casman Bldg.,Brgy. Paligsahan, Quezon Ave., Quezon City",(02)9218921
St. John Biocare & Dialysis Center Foundation Inc.-Caloocan,Clinic,Caloocan City,NCR,"4F Araneta Square Mall Samson Rd Cor Rizal Ave. Bonifacio Monumento Circle, Calo",(02)9620011
St. John Biocare & Dialysis Center Foundation Inc.-Marikina,Clinic,Marikina City,NCR,"2F Wrcc Bldg.,33 Dragon St.Cor G. Fernando Ave. San Roque, Marikina",(02)5716090 9999999999
St. John Biocare & Dialysis Center Foundation Inc.-Otis,Clinic,Paco,NCR,"2F Robinsons Otis 1536 P. Guanzon St., Brgy.831 Zone 90, Paco, Metro Manila",(02)3539493 9999999999
St. John Biocare & Dialysis Center Foundation-Makati,Clinic,Makati,NCR,"Gf Emf Bldg., 7424-7426 Santillan St., Cor. Fernando St. Brgy. Pio Del Pilar, Ma",(02)8442686
St. Jude General  Hospital & Medical Center Inc,Hospital,"Sampaloc, Manila",NCR,Dimasalang Cor. Don Quijote Sampaloc,0287312763 TO 65
St. Jude Medical Clinic And Diagnostic Center,Clinic,Malabon City,NCR,"153 Gov. Pascual Ave. Cor. M.H. Del Pilar Tinajeros, Malabon City",(02)8 921 9118 0922-9758486
St. Luke'S Medical Center (Global City) Inc.,Hospital,Taguig,NCR,"32Nd St. Bonifacio Global City, Taguig",02-8789-7700
St. Luke'S Medical Center-Qc,Hospital,Quezon City,NCR,St. Lukes Cathedral Hts. 279 E. Rodriguez Sr Blvd. Quezon City,02- 8723-0101
St. Michael'S Medical Center-Cubao,Clinic,Quezon City,NCR,"2Nd Flr Trinisia Center Edsa Arayat Cubao, Quezon City",(02)7051676/7101112
St. Michael'S Medical Center-Edsa Monumento,Clinic,Caloocan City,NCR,101 G/F Northwest Plaza Rizal Ave. Ext. Caloocan,(02) 4426036
St. Michael'S Medical Center-Edsa Shaw Starmall,Clinic,Mandaluyong City,NCR,"2F Starmall Shaw Blvd., Mandaluyong",(02)7100488/4778937
St. Peregrine Surgical And Cancer Center,Clinic,Quezon City,NCR,"Rm. 211, 2F Phil. Band Of Mercy Bldg., 22 East Ave. Brgy. Pinyahan 4 , Diliman",8-691-3873
St. Victoria Hospital,Hospital,Marikina City,NCR,444 Jp Rizal St. Lamuan,02-85702504
"Statelab Clinics & Diagnostic Center, Inc",Clinic,Quezon City,NCR,"Unit 220 2Nd Flr St. Anthony Bldg 891 Aurora Blvd Cubao, Q.C.",(02)7092270 6391-7980853
Sto. Domingo Diagnostics And Medical Center Corporation,Clinic,Quezon City,NCR,"3/F Luz Bldg. Quezon Ave., Q.C.",7321412/5161332
Sunrise Health Check Diagnostic Center-Valenzuela,Clinic,Valenzuela City,NCR,"Jlb Bldg., Km 12 Mc Arthur Hway, Marulas Valenzuela City",(02)3327040/3326875
Surehealth Multi-Specialty & Diagnostic Clinic Corporation,Clinic,Sta. Mesa,NCR,Unit A-D Gf Frutas Bldg 3961 Ramon Magsaysay Blvd Zone 057 Brgy 586,02-87254969 0961-7893333
Suremed Diagnostic Center Corp.,Clinic,Quezon City,NCR,"4 West Fourth St., West Triangle",(02)4412747 639178050152
Telecure Medical And Diagnostic Center,Clinic,Manila,NCR,Rm 101 Square Ramon Magsaysay Bldg. Cor D. Ampil St. Sta. Mesa,02-70030622 0917-1091151
The Lasik Surgery Clinic,Clinic,Mandaluyong City,NCR,"5/F Dls-Sti Megaclinic Bldg. A, Sm Megamall",02-6352745 639228352745
The Medical City,Hospital,Pasig City,NCR,"Ortigas Ave., Ortigas Ctr.",02-8-988-1000
The Medical City @ Commonwealth,Clinic,Quezon City,NCR,Lower G/F One Felicity Bldg. Lot 8 & 9 Blk.17 Commonwealth Ave. Batasan Hills 2,(02)930-78-21 AND 835-68-62 LOCAL 7161
The Medical City Clinic @ Estancia,Clinic,Pasig City,NCR,"4L-28 East Wing Estancia Mall, Meralco Ave., Capitol Commons, Brgy. Oranbo, Pasi",8396-9898___
The Medical City Clinic-Congressional,Clinic,Quezon City,NCR,G/F Walter Mart Center – North Edsa 8001 A Edsa Veterans Village,8332-4264 0932-8537609
The Medical City- Market! Market!,Clinic,Taguig,NCR,"2F Market! Market! Bonifacio Global City Fort Bonifacio, Taguig City",(02)8356862 LOC 362/366/367
The Medical City-Ali Mall,Clinic,Quezon City,NCR,"Lg/F Ali Mall Phase Ii, Araneta Center",(02) 87092661 0943-8164106
The Medical City-Araneta Center,Clinic,Quezon City,NCR,Level 2 Cyber Park Tower 1 Araneta Center,8249-8090 / 8277-0609 0926-9753691
The Medical City-Eastwood,Clinic,Quezon City,NCR,10 Orchard Rd. Bagumbayan,7720-9405 / 7720-9421 / 7720-9419
The Medical City-Fairview,Clinic,Quezon City,NCR,"G/F Sm City Fairview, Quirino Hi-Way Cor Regalado Ave.,",02-9304822/4410898/3328959
The Medical City-Feliz,Clinic,Pasig City,NCR,"3Rd Level, Ayala Malls Feliz, Marcos Highway (Marikina-Infanta Highway), Brgy.",8249-8270 / 8470-7585
The Medical City-Fishermall,Clinic,Quezon City,NCR,"3F-La2B, 3/Flr. Fishermall, Gen.Lim St. Sta. Cruz 1, Quezon City",(02)2875721
The Medical City-Fti,Clinic,Taguig,NCR,"Sm Fti Hypermarket, G/F 85 Dbp Ave., Fti , Western Bicutan, Taguig City",(02)5191323
The Medical City-Gateway,Clinic,Quezon City,NCR,L3 Gateway Mall Araneta Center,02-7093969-70/3524481
The Medical City-Light Mall,Clinic,Mandaluyong City,NCR,"2/F, Sm Light Mall Edsa Cor Madison Ave., Brgy. Baranka Ilaya, Mandaluyong",(02)6963372/6963622
The Medical City-Lucky Chinatown,Clinic,Binondo,NCR,"4/F Lucky Chinatown Mall, Reina Regente Cor Dela Reina St., Bryg. 293, Zone 28,",(02)5166711/2561051/2561053
The Medical City-Makati,Clinic,Makati,NCR,3/F Waltermart Center Chino Roces Ave. Cor Arnaiz St.,02-4039579
The Medical City-Mall Of Asia,Clinic,Pasay City,NCR,Sm Mall Of Asia Wellness Zone Seaside Blvd. Pasay,(02)8656948/8770148
The Medical City-Manila,Clinic,Manila,NCR,"5Th Level, Sm City Manila Concepcion St. Cor Arroceros & San Marcelino Sts.",02-5278605/5264617
The Medical City-Novaliches,Clinic,Quezon City,NCR,"2Nd Level, Sm City Novaliches San Bartolome",(02)4427491/4427534
The Medical City-Robinsons Magnolia,Clinic,Quezon City,NCR,"Lower G/F, Aurora Blvd., Cor. Doña Hemady And N. Domingo St., New Manila",(02)6356789 LOC 6200/6202  / 6545042
The Medical City-San Lorenzo Place,Clinic,Makati,NCR,"Unit B27,2/F San Lorenzo Place,Chino Roces Ave. Brgy. Bangkal",(02)837-9383 / 838-3750 / 838-0008
The Medical City-Santolan Town Plaza,Clinic,San Juan,NCR,276 Col. Bonny Serrano Ave. Little Baguio,8876-8490 / 8641-1227
The Medical City-Sm Center Muntinlupa,Clinic,Muntinlupa City,NCR,"Unit 230-233, 2/F Sm Center Manila South Road, Tunasan",0943-5195070
The Medical City-Sm City East Ortigas,Clinic,Pasig City,NCR,Ortigas Ave. Ext.,(02) 9999999999
The Medical City-Sm City Marikina,Clinic,Marikina City,NCR,"Lg/F Sm City  Bgy.Calumpang Marcos Hi-Way,",02-4771961/4771951
The Medical City-Sm East Ortigas,Clinic,Pasig City,NCR,Ortigas Ave. Ext.,(02)6354867/8356862 LOC 7101-7102
The Medical City-Sm Grand Central,Clinic,Caloocan City,NCR,5Th Level Sm City Grand Central Rizal Ext. Brgy 88,loc. 5652
The Medical City-Sm North,Clinic,Quezon City,NCR,"G/F Sm Annex, Edsa, Quezon City",(02)4412284/4412919
The Medical City-Sm San Lazaro,Clinic,Manila,NCR,Unit 108B-111B Feliz Huertas  Cor A.H. Lacson St. Brgy. 350 Zone 035,(02)2471537-39
The Medical City-Sm Shaw,Clinic,Mandaluyong City,NCR,"G/F Sm Hypermarket Mandaluyong Shaw Blvd. Cor. Magalona St., Mandaluyong City",(02) 290 2379; (02) 260 9375; (02) 689 1486
The Medical City-Sm South Tower,Clinic,Las Pinas City,NCR,"G/F Sm South Tower Alabang Zapote Road,Almanza Uno",(02)835-6862 LOC.7201
The Medical City-Sm Valenzuela,Clinic,Valenzuela City,NCR,Sm City Valenzuela Mac Arthur Highway,835-6862
The Medical City-Sta. Mesa,Clinic,Quezon City,NCR,"Sm City Sta. Mesa, Annex, Quezon City",(02)2552484/5689582 6394-3267622
The Medical City-Sucat,Clinic,Parañaque,NCR,"Sm Sucat 3/F Bldg. A  Dr. A Santos Ave.,  Brgy. San Dionisio, Paranaque City",(02)5535661
The Medical City-Timog,Clinic,Quezon City,NCR,"56 Timog Ave., Brgy. Laging Handa Quezon City",(02)9212535
The Medical City-Trinoma Clinic,Clinic,Quezon City,NCR,"Lm 1 Trinoma Mall, North Ave. Cor Edsa",(02) 915-0958 / 943-2256-57
The Medical City-Trinoma Rehab,Clinic,Quezon City,NCR,"Level G Trinoma Mall, North Ave., Cor Edsa",02-9432256-7
The Medical City-Up Town Center,Clinic,Quezon City,NCR,2F Up Town Center Katipunan Avenue Up Campus,(02)82408080 to 8089
The Medical City-Victory Mall,Clinic,Caloocan City,NCR,"3/F Victory Central Mall,Old Victory Compound, Rizal Avenue, Monumento, Caloocan",02-3514987/3514978
The Medical City-Waltermart Bicutan,Clinic,Parañaque,NCR,Gf Waltermart Bicutan Km 16 Mañalac Cor. East Service Rd.San Martin De Porres Pq,(02) 8887 5600
The Medical City-Waltermart North Edsa,Clinic,Quezon City,NCR,G/F Waltermart Center North Edsa 8001A Edsa Veteran Vill.,(02)3324263 TO 5
"The Megaclinic, Inc.",Clinic,Mandaluyong City,NCR,5Th Level Sm Megamall Bldg A Ortigas Ctr,"8637-9661 Ext. 109, 129"
The Perlas Polyclinic Medical Inc.,Clinic,Caloocan City,NCR,"171-173 F. Roxas St. 4Th Ave., Caloocan City",(02)3640033/361-8637/364-8731
Theracure Physical Therapy Clinic,Clinic,Manila,NCR,"Rm. 404, 4F Downtown Center Bldg. 518 Quintin Paredes St. 269  Zone 027 Binondo",
"Tmc-Frc Sports Performance And Physical Medicine Center, Inc.",Clinic,"Sampaloc, Manila",NCR,"G/F Technology Bldg., Feu, Nicanor Reyes St Brgy 395, Sampaloc",7366253/4676701
Tokyo Healthlink-Alabang,Clinic,Muntinlupa City,NCR,"Unit R-2 El Molito Bldg,Madrigal Ave,Ayala,Alabang",(02)7722678/3315 639178546603
Tokyo Healthlink-Makati,Clinic,Makati,NCR,"Sunny Valle Bldg. I ,2247 Don Chino Roces Ave.",(02)819-2010/5119/1161/5816 639175707951
Tokyo Healthlink-Rehab,Clinic,Muntinlupa City,NCR,"Unit 101 G/F Common Goal Tower, Finance Cor Industry Sts Madrigal Business Park",(02)8508607/8072312 639175779847
Top Med Diagnostics And Multispecialty Clinic Inc.,Clinic,Valenzuela City,NCR,"Mcarthur Highway, Karuhatan Valenzuela City",
Tophealth Medical Clinic-Sm San Lazaro,Clinic,Sta. Cruz,NCR,"2Nd Level, Sm San Lazaro, A.H. Lacson Ave., Cor Felix Huertas St.",(02)3534461-62
Transnational Medical & Diagnostic Center Inc.,Clinic,Manila,NCR,551 Cabildo St. Intramuros,(02)-908-4990
"Tricity Medical Center, Inc.",Hospital,Pasig City,NCR,"269 C. Raymundo Ave. Maybunga, Pasig City",02-8275-9747
"Tropical Disease Foundation, Inc.",Clinic,Makati,NCR,"Philippine Institute Of Tuberculosis Bldg., Amorsolo Cor Urban Ave., Makati",(02)8940743
Uhbi - Parañaque Doctor'S Hospital,Hospital,Parañaque,NCR,175 Doña Soledad Ave. Betterliving Subd. Parañaque City,02-8776-0644
Unibros Medical Rehab And Aesthetic Clinic Inc.,Clinic,Quezon City,NCR,986 Gf Lourdes Bldg. Tandang Sora Ave. Matandang Balara,02-8906-4559
"Unihealth-Parañaque Hospital And Medical Center, Inc.",Hospital,Parañaque,NCR,"Dr. A. Santos Ave., San Isidro, Sucat, Parañaque",02-8832-0636
United Doctors Medical Center,Hospital,Quezon City,NCR,"290 España Cor.6Th N. Ramirez St., Qc",02-8718088 0922-3142816
University Of Perpetual Help Dalta Medical Center,Hospital,Las Pinas City,NCR,"Real St., Pamplona, Las Pinas",02- 8874-8515
University Of Santo Tomas Hospital,Hospital,"Sampaloc, Manila",NCR,"Espana,Sampaloc Manila",02-8-7313001 0968-3123007
University Of The East Ramon Magsaysay Memorial Medical Center,Hospital,Quezon City,NCR,"Aurora Blvd, Quezon City",02-87161852 OR 87150861
Urestore Physical Therapy & Rehabilitation Clinic-5C,Clinic,Pasay City,NCR,"420P 5 Ecom Center,Mall Of Asia Complex Pasay City",785-1200
Urestore Physical Therapy & Rehabilitation Clinic-Ayala Malls Southpark,Clinic,Muntinlupa City,NCR,Gr Fl Ayala Malls Southpark Alabang,
Urestore Physical Therapy & Rehabilitation Clinic-Sm Bicutan,Clinic,Parañaque,NCR,"Sm City Bicutan, Doña Soledad Ave.Brgy. Don Bosco Cor West Service Rd. Bicutan P",832-8606 639423715526
Urestore Physical Therapy & Rehabilitation Clinic-Sm Moa,Clinic,Pasay City,NCR,Wz 213 Sm Moa Jw Diokno Blvd Grgy 76 Pasay City,865-6992 639209587717
Urestore Physical Therapy & Rehabilitation Clinic-Sm Southmall,Clinic,Las Pinas City,NCR,Sm Southmall Alabang Zapote Rd Almanza Uno Las Piñas City,776-8763 639989501009
Urology Center Of The Philippines-Manila Doctors Hosp.,Clinic,Manila,NCR,"Ucpi-Stone Unit Manila Doctors Hospital Un Ave., Ermita",(02)5214230
Urology Center Of The Philippines-Qc,Hospital,Quezon City,NCR,62 Maginoo St.,(02)9903031/990-2373/990-3035
"Urology Med Care, Inc.",Specialty Center,Quezon City,NCR,Gf Udmc #6 Nicanor Ramirez St.,
Valenzuela Citicare Medical Center,Hospital,Valenzuela City,NCR,"Km 14 Mc Arthur Highway, Malinta, Valenzuela City",288609300
Valleymed Diagnostic And Ambulatory Surgical Center Inc.,Clinic,Marikina City,NCR,"U1B Citi Center Jp Rizal Cor.Puerto Rico St., Nangka",02-7576-6622
Victor R. Potenciano Medical Center,Hospital,Mandaluyong City,NCR,"163 Edsa, Mandaluyong",(02) 8464-9999
Victoria Family Care Clinic-Tala,Clinic,Caloocan City,NCR,711 Cefels Park Holy Rosary Academy C & D Hilton St. Quirino Highway,(02)4425633 639054286252
Villarosa Hospital,Hospital,Quezon City,NCR,"11 Salalila St., Proj 4 , Quezon City",(02)4382995
Vitacare Medical Clinic,Clinic,Taguig City,NCR,"2F Phase 2 Vista Mall Taguig, Camella Rd Brgy. Tuktukan",(02) 966-0031
Vizcarra Diagnostic Clinic,Clinic,Manila,NCR,"Segundina Bldg., 464 Un Ave Ermita",25361342
Wellnest Diagnostic Center,Clinic,Makati,NCR,"5864 Alfonso St. Poblacion, Makati City",(02)85277241
Wilmar Diagnostic And Medical Clinic,Clinic,Makati,NCR,Unit 302 Amv Bldg. 1748 Evangelista St. Bgy Bangkal,(02)6598582
World Citi Medical Center,Hospital,Quezon City,NCR,"960 Aurora Blvd., Quezon City",02 913 8385 | 02 913 8389
Wound Care And Vascular Center Incorporated,Clinic,Quezon City,NCR,"Unit 201-202, 886 G. Araneta , Brgy Tatalon, Quezon City",0917-1555393
Xtra Care Ultrasound And Diagnostic Center,Clinic,Taguig,NCR,3F Puregold Bldg. Gen Luna St. Tuktukan Taguig City,2340744
